date,weekday,entry_attempted,entry_outcome,entry_block_reason,spot_open,spot_close,combined_premium_pct,iv_rank,iv_skew,oi_skew,volume_skew,call_oi_max_strike,put_oi_max_strike,events,event_count,event_tags,has_position,structure,entry_date,target_expiry,target_days_remaining,current_pnl,best_pnl,close_reason,close_pnl,ml_exit_prob,ml_exit_decision
2024-11-11,0,True,OPENED,,24014.6,24122.1,0.0244622021603524,1.0,-0.038938686903226,-0.34963279806987,-0.2747899159663866,24000,24000,[],0,,True,STRANGLE,2024-11-11T09:15:00+05:30,2024-11-19T00:00:00,8.0,5815.000000000015,5815.000000000015,,,2.2640803503981094e-06,HOLD
2024-11-12,1,False,,,24235.0,23842.95,0.0205673612543841,0.0,-0.14152869270996,-0.0148573907385316,0.6595744680851063,24250,24250,[],0,,False,STRANGLE,2024-11-11T09:15:00+05:30,2024-11-19T00:00:00,7.0,,,target_hit,7360.000000000015,2.2640803503981094e-06,HOLD
2024-11-13,2,True,,iv_rank_band,23838.85,23602.9,0.0210161144518296,0.0,-0.0801700745855961,-0.3806530737390771,-0.891156462585034,23950,23850,[],0,,False,,,,,,,,,,
2024-11-14,3,True,OPENED,,23599.75,23559.6,0.0221167597114376,0.748362481718938,-0.0131446252364326,-0.3096571171686624,-0.0947237224761113,23800,23500,[],0,,False,STRANGLE,2024-11-14T09:15:00+05:30,2024-11-26T00:00:00,12.0,,,hard_exit,5305.000000000007,0.010530628005722605,HOLD
2024-11-18,0,True,OPENED,,23587.75,23465.3,0.0196712276499454,0.3850313856715743,-0.06369877996919,-0.1527452780183837,-0.0168821292775665,23500,23500,[],0,,True,STRANGLE,2024-11-18T09:15:00+05:30,2024-11-26T00:00:00,8.0,3715.0,3715.0,,,2.2640803503981094e-06,HOLD
2024-11-19,1,False,,,23551.1,23468.7,0.0169121612153997,0.6144562554247416,-0.0134394303919333,-0.1354003549431047,-0.0043352601156069,23750,23550,[],0,,False,STRANGLE,2024-11-18T09:15:00+05:30,2024-11-26T00:00:00,7.0,,,trailing_lock,1860.0,1.2277718094622115e-05,HOLD
2024-11-21,3,True,OPENED,,23446.75,23346.75,0.0183671510977001,0.1230414308514125,-0.2244545264789242,-0.286666226825889,-0.2019464720194647,23750,23550,[],0,,False,STRANGLE,2024-11-21T09:15:00+05:30,2024-12-03T00:00:00,12.0,,,hard_exit,4345.0,0.7629957190475112,HOLD
2024-11-22,4,False,,,23399.65,23873.5,0.0156433963755868,0.2965136467218789,-0.0327594604678826,-0.0601778697001034,0.0630122042680848,23500,23500,[],0,,False,,,,,,,,,,
2024-11-25,0,True,,premium_lt_min,24288.7,24250.8,0.014302947461165,0.8878797587957044,-0.0256245222146006,0.4979459097774694,0.4678289000718907,24500,24000,[],0,,False,,,,,,,,,,
2024-11-26,1,True,,premium_lt_min,24286.8,24192.95,0.0108536324258444,0.4419465772154943,-0.0851486629691381,0.0952575527382274,0.0718127964774506,24500,24300,[],0,,False,,,,,,,,,,
2024-11-27,2,True,,premium_lt_min,24164.05,24277.35,0.0087423258932174,1.0,0.1185527941085599,-0.226577381701617,-0.4742092689918777,24250,24150,[],0,,False,,,,,,,,,,
2024-11-28,3,True,,premium_lt_min,24300.7,23957.45,0.0058208199763792,0.1627283619264982,0.0962812289708119,0.0698785125489218,0.0273571225688786,24500,24000,[],0,,False,,,,,,,,,,
2024-11-29,4,False,,,23959.35,24123.65,0.0321210717319125,1.0,0.0134363138783311,0.0571161048689138,-0.6261682242990654,24250,24250,[],0,,False,,,,,,,,,,
2024-12-02,0,True,OPENED,,24048.4,24275.25,0.0291204404451023,0.5864827359802544,0.0250641730065462,-0.0852739726027397,0.3,24150,24250,[],0,,True,STRANGLE,2024-12-02T09:15:00+05:30,2024-12-10T00:00:00,8.0,530.0,530.0,,,2.2640803503981094e-06,HOLD
2024-12-05,3,False,,,24499.95,24701.55,0.0271286267931159,0.4349362043807306,-0.091636624907247,-0.1093244298446377,-0.0292517006802721,24500,24500,[],0,,False,STRANGLE,2024-12-02T09:15:00+05:30,2024-12-10T00:00:00,5.0,,,hard_exit,5514.999999999993,2.2640803503981094e-06,HOLD
2024-12-06,4,False,,,24693.55,24669.0,0.0270171765501517,0.6846556329753672,-0.0736544868681442,0.2367887391148753,-0.1035981646945182,25000,24500,[],0,,False,,,,,,,,,,
2024-12-09,0,True,OPENED,,24649.9,24626.6,0.0249838741739317,0.8268726831138947,-0.0487642733815768,-0.2472120472120472,-0.1785714285714285,24750,24650,[],0,,True,STRANGLE,2024-12-09T09:15:00+05:30,2024-12-17T00:00:00,8.0,1950.0,1950.0,,,2.2640803503981094e-06,HOLD
2024-12-10,1,False,,,24630.9,24620.5,0.0243840054565606,0.8269752721991189,-0.0442183024727974,-0.3813913541368451,-0.0434782608695652,24750,24650,[],0,,True,STRANGLE,2024-12-09T09:15:00+05:30,2024-12-17T00:00:00,7.0,3980.0000000000073,3980.0000000000073,,,2.2640803503981094e-06,HOLD
2024-12-11,2,False,,,24615.05,24629.5,0.0230367194054044,0.7270116357695351,-0.0577512814301723,-0.2043346288048566,-0.1244358478401031,24500,24500,[],0,,False,STRANGLE,2024-12-09T09:15:00+05:30,2024-12-17T00:00:00,6.0,,,target_hit,10675.0,2.2640803503981094e-06,HOLD
2024-12-12,3,True,OPENED,,24626.15,24539.5,0.0200680983426154,0.4303244845311335,-0.0026030173035663,-0.1711851278079008,-0.1596638655462184,24750,24650,[],0,,False,STRANGLE,2024-12-12T09:15:00+05:30,2024-12-24T00:00:00,12.0,,,hard_exit,-764.9999999999927,2.2640803503981094e-06,HOLD
2024-12-13,4,False,,,24517.05,24781.3,0.0204837041976909,0.5396705719251044,-0.082417197501542,-0.2773374971766392,-0.3943086795877358,24500,24500,[],0,,False,,,,,,,,,,
2024-12-16,0,True,,iv_rank_band,24737.1,24648.25,0.0182519373734188,0.0,-0.0229921930965147,0.1235439855045668,-0.0109324758842443,24750,24650,[],0,,False,,,,,,,,,,
2024-12-17,1,True,OPENED,,24579.05,24319.35,0.0196773268291492,0.2309612476402973,0.0215354286615579,-0.1486205386468141,-0.2095704814067454,24500,24500,[],0,,True,STRANGLE,2024-12-17T09:15:00+05:30,2024-12-24T00:00:00,7.0,1360.0,1360.0,,,2.2640803503981094e-06,HOLD
2024-12-18,2,False,,,24311.7,24214.7,0.0192849533352254,0.704654930128045,-0.0003928984012779,-0.2084960037900388,-0.2358119064164929,24500,24000,[],0,,False,STRANGLE,2024-12-17T09:15:00+05:30,2024-12-24T00:00:00,6.0,,,target_hit,6990.0,2.2640803503981094e-06,HOLD
2024-12-19,3,True,OPENED,,23954.65,23961.95,0.0187061802197068,0.7317124889043506,-0.0266619519137449,-0.7388609599889815,-0.431697310439143,24250,24250,[],0,,False,IRON_CONDOR,2024-12-19T09:15:00+05:30,2024-12-31T00:00:00,12.0,,,weekly_stop,-10994.999999999996,2.2640803503981094e-06,HOLD
2024-12-20,4,False,,,23927.45,23631.35,0.0176429163993655,0.742278574128753,-0.0413727369667928,-0.1176494307719189,-0.1485915134226478,23950,23950,[],0,,False,,,,,,,,,,
2024-12-23,0,True,,premium_lt_min,23758.95,23747.2,0.0137190406141685,1.0,0.0178751100650707,0.2570114061152113,0.1293839572548562,23750,23750,[],0,,False,,,,,,,,,,
2024-12-24,1,True,,premium_lt_min,23761.15,23730.35,0.006981985299533,0.1773767174604297,-0.0774846354577982,-0.0443233220913319,-0.1017488501444004,23950,23750,[],0,,False,,,,,,,,,,
2024-12-27,4,False,,,23819.5,23832.45,0.034740443754067,0.8361788463636417,-0.0907009643578812,-0.1248610489540775,-0.0433212996389891,24000,24000,[],0,,False,,,,,,,,,,
2024-12-30,0,True,OPENED,,23782.65,23658.65,0.0318782810157825,0.3684869013200561,-0.0663785649977306,-0.166680994956442,-0.3864975079293158,24000,24000,[],0,,True,STRANGLE,2024-12-30T09:15:00+05:30,2025-01-07T00:00:00,8.0,-1355.0,0.0,,,2.2640803503981094e-06,HOLD
2024-12-31,1,False,,,23551.35,23668.8,0.0326456869776042,0.3272430763013947,-0.0759595706218378,-0.4290056448111159,-0.6847290640394089,23750,23850,[],0,,True,STRANGLE,2024-12-30T09:15:00+05:30,2025-01-07T00:00:00,7.0,-1275.0,0.0,,,2.2640803503981094e-06,HOLD
2025-01-01,2,False,,,23649.55,23758.7,0.0324847618665048,0.241403959675329,-0.0889197967007765,-0.3215458449103309,-0.3074204946996466,23750,23650,[],0,,True,STRANGLE,2024-12-30T09:15:00+05:30,2025-01-07T00:00:00,6.0,-1985.0,0.0,,,2.2640803503981094e-06,HOLD
2025-01-02,3,False,,,23787.6,24167.95,0.0317371235433587,0.8091001344123359,-0.086765749788707,-0.0667635182771807,-0.4304470146920913,24000,24000,[],0,,False,STRANGLE,2024-12-30T09:15:00+05:30,2025-01-07T00:00:00,5.0,,,hard_exit,3360.0,2.2640803503981094e-06,HOLD
2025-01-03,4,False,,,24152.65,23990.15,0.0297027448333826,0.5230042698704416,-0.1481583167971007,0.0746930927377606,-0.5276381909547738,24450,23850,[],0,,False,,,,,,,,,,
2025-01-06,0,True,OPENED,,24039.65,23629.6,0.0285341092736375,0.3143949655474357,-0.1202264068341592,-0.1201173176909745,0.1938775510204081,24150,23750,[],0,,False,STRANGLE,2025-01-06T09:15:00+05:30,2025-01-14T00:00:00,8.0,,,weekly_stop,-7075.0,2.2640803503981094e-06,HOLD
2025-01-07,1,True,OPENED,,23755.6,23694.6,0.030645405714863,0.4126069755997349,-0.103916425018877,0.0214451169394007,-0.0526315789473684,23750,23550,[],0,,True,STRANGLE,2025-01-07T09:15:00+05:30,2025-01-14T00:00:00,7.0,3980.0,3980.0,,,2.2640803503981094e-06,HOLD
2025-01-08,2,False,,,23702.75,23675.2,0.0288827245783717,0.0902544184686244,-0.1173962890632417,-0.1871901989220546,-0.4007617435463394,24000,24000,[],0,,False,STRANGLE,2025-01-07T09:15:00+05:30,2025-01-14T00:00:00,6.0,,,target_hit,7429.999999999993,2.2640803503981094e-06,HOLD
2025-01-09,3,True,OPENED,,23643.7,23557.2,0.0272609616938127,0.0814023967470797,-0.0923196271198046,-0.1278092297135014,-0.6807511737089202,23750,23550,[],0,,False,STRANGLE,2025-01-09T09:15:00+05:30,2025-01-21T00:00:00,12.0,,,hard_exit,-895.0000000000073,4.508634925336131e-05,HOLD
2025-01-10,4,False,,,23572.05,23437.35,0.0273162495412999,0.0,-0.1168986424811044,-0.2766139899546735,-0.4929577464788732,23750,23250,[],0,,False,,,,,,,,,,
2025-01-13,0,True,OPENED,,23217.65,23088.7,0.0278064317448148,0.891548605447508,-0.0352703195209958,-0.769167603077189,-0.1516723549488054,23500,23000,[],0,,True,STRANGLE,2025-01-13T09:15:00+05:30,2025-01-21T00:00:00,8.0,1925.0000000000073,1925.0000000000073,,,9.26859290389221e-06,HOLD
2025-01-14,1,False,,,23203.75,23206.85,0.0255562139740343,0.3893742009974466,-0.07436936213593,-0.2813011592775478,0.0077332875064444,23500,23000,[],0,,False,STRANGLE,2025-01-13T09:15:00+05:30,2025-01-21T00:00:00,7.0,,,target_hit,8139.999999999993,2.2640803503981094e-06,HOLD
2025-01-15,2,True,OPENED,,23240.9,23228.1,0.0236286030231187,0.807586525627228,-0.0813893361651726,-0.304329389814697,-0.0866141732283464,23250,23250,[],0,,False,STRANGLE,2025-01-15T09:15:00+05:30,2025-01-28T00:00:00,13.0,,,ml_exit,3615.0,0.9993278197326885,EXIT
2025-01-16,3,True,OPENED,,23334.0,23350.8,0.0213872460786834,0.1392555082399172,-0.0744256465292285,-0.3573481509867791,-0.0091047040971168,23250,23250,[],0,,False,STRANGLE,2025-01-16T09:15:00+05:30,2025-01-28T00:00:00,12.0,,,hard_exit,-2274.9999999999927,0.0006843991806238895,HOLD
2025-01-17,4,False,,,23200.3,23203.1,0.0225859148373081,0.6624602573548831,0.0055652667066438,-0.1648072646404744,-0.2415764139590854,23500,23000,[],0,,False,,,,,,,,,,
2025-01-20,0,True,OPENED,,23242.7,23337.05,0.0210840392897554,0.5671790648689622,-0.0043564522057413,-0.0744266551276503,0.3250239693192713,23250,23250,[],0,,True,STRANGLE,2025-01-20T09:15:00+05:30,2025-01-28T00:00:00,8.0,2329.9999999999927,2329.9999999999927,,,0.0006843991806238901,HOLD
2025-01-21,1,False,,,23391.05,23053.05,0.0194711225019826,0.1822313258973498,-0.0519908449624219,-0.0277822257806245,0.0788111784710927,23500,23500,[],0,,True,STRANGLE,2025-01-20T09:15:00+05:30,2025-01-28T00:00:00,7.0,2084.9999999999927,2329.9999999999927,,,0.00023668459457402662,HOLD
2025-01-22,2,False,,,23100.05,23161.75,0.0195605637217235,0.4768728189785702,-0.0598703682797111,-0.1480832253639204,-0.1197722793956645,23200,23000,[],0,,False,STRANGLE,2025-01-20T09:15:00+05:30,2025-01-28T00:00:00,6.0,,,target_hit,9964.999999999993,0.0006843991806238901,HOLD
2025-01-23,3,True,OPENED,,23099.6,23216.3,0.0165479055914388,0.3318402745266376,-0.0046302060729181,-0.0086377142171133,-0.1352868166855539,23200,23000,[],0,,False,STRANGLE,2025-01-23T09:15:00+05:30,2025-02-04T00:00:00,12.0,,,ml_exit,220.0,0.9999662253171402,EXIT
2025-01-24,4,False,,,23236.3,23090.35,0.0162224622680891,1.0,0.0151848571613615,0.0734095499134449,-0.0177052837027742,23250,23250,[],0,,False,,,,,,,,,,
2025-01-27,0,True,,premium_lt_min,22943.05,22816.85,0.0151244058658286,0.9455051400092448,0.0304590754927507,-0.3689193316172942,-0.1930724551659812,23250,23250,[],0,,False,,,,,,,,,,
2025-01-28,1,True,,premium_lt_min,22936.15,22976.3,0.0121860033179064,0.0522532281744085,-0.0259695988267931,0.3138531415594247,0.0909228901032179,23250,22850,[],0,,False,,,,,,,,,,
2025-01-29,2,True,,premium_lt_min,23037.5,23176.2,0.0114791101465002,0.0,-0.0911825414447249,0.0329243706296326,0.2441132194695857,23250,22950,[],0,,False,,,,,,,,,,
2025-01-30,3,True,,premium_lt_min,23145.7,23297.95,0.0125725296707379,0.9513646641094669,-0.0565389447993299,0.0476298053390564,-0.0420271716457165,23150,23050,[],0,,False,,,,,,,,,,
2025-01-31,4,False,,,23285.7,23533.85,0.0392622940259472,0.9165260702455348,-0.0360591584933341,-0.1275857797596928,0.1776223776223776,23500,23000,[],0,,False,,,,,,,,,,
2025-02-01,5,False,,,23522.2,23495.3,0.0338595029376503,0.9525784406010932,-0.0977161767910758,-0.0698180931140228,-0.03125,23500,23500,[],0,,False,,,,,,,,,,
2025-02-03,0,True,OPENED,,23271.85,23359.7,0.0305497843961696,1.0,-0.0735708092797575,-0.0798806761683791,-0.7391304347826086,23250,23250,[],0,,True,STRANGLE,2025-02-03T09:15:00+05:30,2025-02-11T00:00:00,8.0,5150.0,5150.0,,,0.0006843991806238901,HOLD
2025-02-04,1,False,,,23495.7,23707.7,0.0271624169528892,0.2556306457530767,-0.1571740439015189,-0.0097355241191459,-0.0200210748155953,23500,23500,[],0,,False,STRANGLE,2025-02-03T09:15:00+05:30,2025-02-11T00:00:00,7.0,,,target_hit,7640.000000000007,2.2640803503981094e-06,HOLD
2025-02-05,2,True,OPENED,,23768.1,23686.75,0.0264177616216693,0.3845403036260115,-0.1349673449397226,0.176957163958641,0.06,23750,23550,[],0,,True,STRANGLE,2025-02-05T09:15:00+05:30,2025-02-18T00:00:00,13.0,1310.0000000000073,1310.0000000000073,,,2.2640803503981094e-06,HOLD
2025-02-06,3,False,,,23723.65,23628.05,0.0260267707540787,0.0171832930830678,-0.1138415228337572,0.1214231063504208,0.2656826568265683,24000,23500,[],0,,False,STRANGLE,2025-02-05T09:15:00+05:30,2025-02-18T00:00:00,12.0,,,hard_exit,2530.0,2.2640803503981094e-06,HOLD
2025-02-07,4,False,,,23610.4,23563.15,0.0260690204316741,0.9091239397771268,-0.0683482461768335,0.0186766100807902,-0.0946930280957336,23500,23500,[],0,,False,,,,,,,,,,
2025-02-10,0,True,OPENED,,23477.85,23376.05,0.0242441279759432,0.9129054252955702,-0.045541321729053,-0.1239345729899099,0.0014402304368698,23500,23500,[],0,,True,STRANGLE,2025-02-10T09:15:00+05:30,2025-02-18T00:00:00,8.0,1190.0000000000146,1190.0000000000146,,,2.2640803503981094e-06,HOLD
2025-02-11,1,False,,,23347.45,23070.5,0.0244459245013909,0.7867750372762009,-0.0366441884627703,-0.1221551323734324,0.0652173913043478,23550,23350,[],0,,True,STRANGLE,2025-02-10T09:15:00+05:30,2025-02-18T00:00:00,7.0,1130.0,1190.0000000000146,,,3.1002893368575526e-05,HOLD
2025-02-12,2,False,,,23042.9,23057.8,0.0243675926207204,0.7437913587584428,-0.0046511975689406,-0.2802881466928618,-0.5161290322580645,23350,22850,[],0,,True,STRANGLE,2025-02-10T09:15:00+05:30,2025-02-18T00:00:00,6.0,4855.000000000007,4855.000000000007,,,3.1002893368575526e-05,HOLD
2025-02-13,3,False,,,23097.3,23019.4,0.0225913851402544,0.6255243748828192,-0.0247365643883214,-0.1204273227581741,-0.0202117420596727,23000,23000,[],0,,False,STRANGLE,2025-02-10T09:15:00+05:30,2025-02-18T00:00:00,5.0,,,target_hit,6265.000000000007,9.26859290389221e-06,HOLD
2025-02-14,4,False,,,23113.95,22897.25,0.0210587112977228,0.3085568324025796,-0.0054201351240949,-0.1131228434682595,-0.0290697674418604,23000,23000,[],0,,False,,,,,,,,,,
2025-02-17,0,True,OPENED,,22753.55,22963.5,0.0223195940853185,1.0,0.0755634247519529,-0.5826645264847512,-0.5700197238658777,23050,22850,[],0,,True,STRANGLE,2025-02-17T09:15:00+05:30,2025-02-25T00:00:00,8.0,3865.0,3865.0,,,7.573338841305025e-06,HOLD
2025-02-18,1,False,,,22956.1,22923.15,0.0205544495798502,0.7469578688290277,-0.0238137244291348,-0.1260938172428632,-0.2691622103386809,23250,22850,[],0,,False,STRANGLE,2025-02-17T09:15:00+05:30,2025-02-25T00:00:00,7.0,,,target_hit,8005.000000000007,2.264080350398105e-06,HOLD
2025-02-19,2,True,OPENED,,22828.55,22914.4,0.0189017699328253,0.9523453805813922,0.0276566634878933,-0.1479206049149338,-0.0669144981412639,23150,22850,[],0,,True,STRANGLE,2025-02-19T09:15:00+05:30,2025-03-04T00:00:00,13.0,4535.0,4535.0,,,0.010530628005722605,HOLD
2025-02-20,3,False,,,22860.6,22906.25,0.0169439997200423,1.0,0.0008974973846365,-0.1779881410589826,0.0632530120481927,22950,22850,[],0,,False,STRANGLE,2025-02-19T09:15:00+05:30,2025-03-04T00:00:00,12.0,,,target_hit,10325.0,0.010530628005722605,HOLD
2025-02-21,4,False,,,22885.7,22764.35,0.0139825305758617,0.340020511728349,-0.0500205500037118,-0.0094023712076264,-0.0662154619034328,23000,23000,[],0,,False,,,,,,,,,,
2025-02-24,0,True,,premium_lt_min,22665.3,22548.85,0.0123647161078829,1.0,0.1180069764071197,-0.5358138010162269,-0.2187175331421684,22850,22750,[],0,,False,,,,,,,,,,
2025-02-25,1,True,,premium_lt_min,22560.45,22526.3,0.0089958312001755,1.0,0.0941989970221291,-0.3530942741469057,-0.1199616888817942,22850,22550,[],0,,False,,,,,,,,,,
2025-02-27,3,True,,premium_lt_min,22584.6,22510.85,0.0033828360918501,0.0481632551203071,-0.0282391533059168,-0.056823745302258,0.0965151758471174,22700,22600,[],0,,False,,,,,,,,,,
2025-02-28,4,False,,,22348.45,22127.4,0.0298432329758887,0.879238345044909,-0.0056220018814883,-0.2461799660441426,-0.5,22550,22550,[],0,,False,,,,,,,,,,
2025-03-03,0,True,OPENED,,22219.35,22143.15,0.0286146984497746,0.401265544891696,-0.032288451054803,-0.4877711561382598,-0.016338028169014,22500,22000,[],0,,True,STRANGLE,2025-03-03T09:15:00+05:30,2025-03-11T00:00:00,8.0,3144.9999999999927,3144.9999999999927,,,2.264080350398105e-06,HOLD
2025-03-04,1,False,,,21985.55,22080.3,0.0276522534119,0.7925432608566053,-0.0087163977494991,-0.5357169938842458,-0.4679012345679012,22000,22000,[],0,,True,STRANGLE,2025-03-03T09:15:00+05:30,2025-03-11T00:00:00,7.0,4879.999999999993,4879.999999999993,,,2.264080350398105e-06,HOLD
2025-03-05,2,False,,,22126.9,22346.65,0.0258599261532343,0.3719305045946026,-0.0859580500089778,-0.1671631909963588,-0.5275590551181102,22250,22250,[],0,,False,STRANGLE,2025-03-03T09:15:00+05:30,2025-03-11T00:00:00,6.0,,,target_hit,6394.999999999993,2.264080350398105e-06,HOLD
2025-03-06,3,True,OPENED,,22451.95,22529.2,0.0245323902823585,0.2577104038943884,-0.0870314684553339,0.0373109243697479,0.0532544378698224,22750,22250,[],0,,False,STRANGLE,2025-03-06T09:15:00+05:30,2025-03-18T00:00:00,12.0,,,hard_exit,-380.0000000000073,2.264080350398105e-06,HOLD
2025-03-07,4,False,,,22479.95,22536.95,0.024704236441807,0.8964355269510214,-0.0430223968975555,-0.078572423075138,-0.3423753665689149,22500,22500,[],0,,False,,,,,,,,,,
2025-03-10,0,True,OPENED,,22560.9,22441.1,0.0234565110434424,0.61526938500766,-0.0909319984886995,0.021841869970622,0.3586497890295358,22550,22550,[],0,,True,STRANGLE,2025-03-10T09:15:00+05:30,2025-03-18T00:00:00,8.0,1640.0000000000146,1640.0000000000146,,,2.264080350398105e-06,HOLD
2025-03-11,1,False,,,22344.4,22520.5,0.0233414188790032,0.5655650304070133,-0.089881595147105,-0.2708739969637823,-0.6666666666666666,22550,22550,[],0,,True,STRANGLE,2025-03-10T09:15:00+05:30,2025-03-18T00:00:00,7.0,2885.0000000000073,2885.0000000000073,,,2.264080350398105e-06,HOLD
2025-03-12,2,False,,,22545.9,22468.5,0.0216624752172235,0.8683072970884345,-0.0814021732993071,0.0484058645566674,0.3873873873873873,22550,22550,[],0,,False,STRANGLE,2025-03-10T09:15:00+05:30,2025-03-18T00:00:00,6.0,,,target_hit,6290.000000000007,2.264080350398105e-06,HOLD
2025-03-13,3,True,OPENED,,22503.65,22383.3,0.0197812354884652,0.6742844471935143,-0.1162713420706737,-0.0673360080637192,0.0196078431372549,22500,22500,[],0,,False,STRANGLE,2025-03-13T09:15:00+05:30,2025-03-25T00:00:00,12.0,,,hard_exit,2365.0,2.264080350398105e-06,HOLD
2025-03-17,0,True,OPENED,,22480.3,22515.25,0.018106964764705,0.9464087798734204,0.0536789401900699,-0.0366775069075971,0.1052010723860589,22500,22500,[],0,,True,STRANGLE,2025-03-17T09:15:00+05:30,2025-03-25T00:00:00,8.0,2144.9999999999927,2144.9999999999927,,,2.264080350398105e-06,HOLD
2025-03-18,1,False,,,22613.25,22848.75,0.016906017489746,0.6879868900608455,0.0299092607407117,0.0098101265822784,-0.1305314204889876,22500,22500,[],0,,True,STRANGLE,2025-03-17T09:15:00+05:30,2025-03-25T00:00:00,7.0,5494.999999999993,5494.999999999993,,,2.264080350398105e-06,HOLD
2025-03-19,2,False,,,22841.45,22911.8,0.0152485941128956,0.7479264882757721,0.0533414237730268,0.2255012853470437,-0.1303896103896104,22850,22650,[],0,,False,STRANGLE,2025-03-17T09:15:00+05:30,2025-03-25T00:00:00,6.0,,,ml_exit,6954.999999999993,0.9999662253171402,EXIT
2025-03-20,3,True,,premium_lt_min,23007.85,23165.7,0.0138431013762694,0.8838523957390774,-0.0452654715686408,0.2419152179286479,0.1140987935898205,23000,22700,[],0,,False,,,,,,,,,,
2025-03-21,4,False,,,23156.2,23355.65,0.0118434803637902,0.7717584978401087,-0.0219896438126138,-0.1429392704086965,-0.3048862565621214,23250,23150,[],0,,False,,,,,,,,,,
2025-03-24,0,True,,premium_lt_min,23489.0,23674.15,0.0105347183788156,0.0,-0.0867046414814853,0.4721362929876714,0.4279884982043358,23600,23200,[],0,,False,,,,,,,,,,
2025-03-25,1,True,,premium_lt_min,23762.75,23605.95,0.0116358586443067,0.4730672397707758,-0.0038347957078961,0.5115015661707126,0.2545239035954168,24050,23650,[],0,,False,,,,,,,,,,
2025-03-26,2,True,,premium_lt_min,23685.85,23464.3,0.0088512761838819,0.2931856887806754,-0.0056441120511164,0.1255326656352631,-0.1555789898808589,24000,23500,[],0,,False,,,,,,,,,,
2025-03-27,3,True,,premium_lt_min,23452.7,23601.05,0.0058287531925961,0.0641383995541057,0.0389939668821459,-0.3809003018504746,-0.2212306546827634,23750,23450,[],0,,False,,,,,,,,,,
2025-03-28,4,False,,,23590.95,23495.15,0.02940534399844,1.0,-0.0011107610866471,0.1388888888888889,-0.925925925925926,23500,23500,[],0,,False,,,,,,,,,,
2025-04-01,1,True,OPENED,,23420.45,23179.7,0.0284836542423394,0.1380908552769771,-0.0846325908959746,-0.5225409836065574,-0.2142857142857142,23500,23500,[],0,,True,STRANGLE,2025-04-01T09:16:00+05:30,2025-04-08T00:00:00,7.0,-2770.0,0.0,,,2.2640803503981094e-06,HOLD
2025-04-02,2,False,,,23204.8,23330.8,0.0301209232572571,0.7182509599834592,-0.0341207114530206,-0.1396140749148694,-0.25,23500,23500,[],0,,True,STRANGLE,2025-04-01T09:16:00+05:30,2025-04-08T00:00:00,6.0,-1830.0,0.0,,,0.0006843991806238901,HOLD
2025-04-03,3,False,,,23192.2,23249.7,0.0292080958253205,0.6668867344418805,-0.0574566782486615,-0.1819012797074954,-0.1666666666666666,23500,23500,[],0,,False,STRANGLE,2025-04-01T09:16:00+05:30,2025-04-08T00:00:00,5.0,,,hard_exit,840.0,0.0006843991806238901,HOLD
2025-04-04,4,False,,,23124.2,22912.05,0.0291383053251571,0.431116456044661,-0.1074053328839143,-0.7379576107899807,-0.9294117647058824,23300,23000,[],0,,False,,,,,,,,,,
2025-04-07,0,True,OPENED,,21971.2,22223.05,0.043795969268861,0.3009821036828725,0.0387954177201289,-0.9349057846883648,-0.3796296296296296,22000,22000,[],0,,False,STRANGLE,2025-04-07T09:17:00+05:30,2025-04-15T00:00:00,8.0,,,weekly_stop,-13495.0,2.264080350398105e-06,HOLD
2025-04-08,1,True,OPENED,,22510.85,22552.25,0.0400273645819682,0.4189185662819082,-0.043588973277403,-0.3618599343888176,-0.1601423487544484,22500,22500,[],0,,True,STRANGLE,2025-04-08T09:18:00+05:30,2025-04-15T00:00:00,7.0,-500.0,0.0,,,2.264080350398105e-06,HOLD
2025-04-09,2,False,,,22409.7,22420.4,0.0413035426623292,0.4287100561920201,-0.0075618906924621,-0.5210355987055016,-0.696969696969697,22500,22500,[],0,,False,STRANGLE,2025-04-08T09:18:00+05:30,2025-04-15T00:00:00,6.0,,,weekly_stop,-8780.0,2.264080350398105e-06,HOLD
2025-04-11,4,False,,,22715.95,22844.5,0.0377091867168223,0.9860763001466522,0.0256089470877578,-0.0294310006540222,0.1428571428571428,23000,22500,[],0,,False,,,,,,,,,,
2025-04-15,1,True,OPENED,,23257.05,23344.1,0.027497038532402,0.930972142259088,-0.0058126808020334,0.4881889763779528,-0.902439024390244,23350,23350,[],0,,False,STRANGLE,2025-04-15T09:15:00+05:30,2025-04-22T00:00:00,7.0,,,target_hit,6495.000000000007,0.0006843991806238901,HOLD
2025-04-16,2,True,OPENED,,23292.35,23433.3,0.0227993311108582,0.3193627544253558,-0.1051604583694604,-0.0917753828701077,-0.5843828715365239,23500,23000,[],0,,True,STRANGLE,2025-04-16T09:15:00+05:30,2025-04-29T00:00:00,13.0,-695.0000000000073,0.0,,,0.0006843991806238895,HOLD
2025-04-17,3,False,,,23377.45,23837.75,0.0220960797691792,0.6821268072733765,-0.0571772819746594,0.1409535706849885,0.2104208416833667,23500,23300,[],0,,False,STRANGLE,2025-04-16T09:15:00+05:30,2025-04-29T00:00:00,12.0,,,hard_exit,1104.9999999999927,2.2640803503981094e-06,HOLD
2025-04-21,0,True,OPENED,,23983.6,24121.2,0.0198281325572474,0.1240386864077457,-0.1382385806813462,0.5300780266800906,0.4571428571428571,24100,23800,[],0,,True,STRANGLE,2025-04-21T09:15:00+05:30,2025-04-29T00:00:00,8.0,4800.0,4800.0,,,2.2640803503981094e-06,HOLD
2025-04-22,1,False,,,24139.85,24134.05,0.0180013546065944,0.4542695461915871,-0.0736597848581363,0.1855345911949685,0.1749298409728718,24150,23850,[],0,,False,STRANGLE,2025-04-21T09:15:00+05:30,2025-04-29T00:00:00,7.0,,,target_hit,7330.0,2.2640803503981094e-06,HOLD
2025-04-23,2,True,,iv_rank_band,24291.8,24300.85,0.0160156925382227,0.0082065994948808,-0.077742127853731,0.428863386260022,0.345372460496614,24500,24000,[],0,,False,,,,,,,,,,
2025-04-24,3,True,,premium_lt_min,24279.15,24245.05,0.0155256670847208,0.2355302302400025,-0.0227088184903947,0.0024396507447354,-0.0693416927899686,24500,24000,[],0,,False,,,,,,,,,,
2025-04-25,4,False,,,24342.3,23991.65,0.0148383677795442,0.3244720294557628,-0.0224198940243067,0.3577221541513507,0.1932481347418187,24250,24250,[],0,,False,,,,,,,,,,
2025-04-28,0,True,,premium_lt_min,24112.9,24312.9,0.0120931119857006,1.0,-0.0131780016427745,0.1748358298639426,0.1424666520883446,24300,24000,[],0,,False,,,,,,,,,,
2025-04-29,1,True,,premium_lt_min,24419.55,24325.45,0.0071909597023696,0.7443735463844113,-0.0253226522470994,0.4658176334865468,0.4434206334034283,24500,24200,[],0,,False,,,,,,,,,,
2025-04-30,2,True,,premium_lt_min,24277.6,24246.25,0.0038224536197976,0.022720000746764,-0.1585712270494005,-0.1476282460930691,-0.0042874292574172,24500,24300,[],0,,False,,,,,,,,,,
2025-05-02,4,False,,,24431.25,24313.65,0.0349941161422358,0.3939192829745825,-0.1027136061882149,-0.178337357709555,0.0909090909090909,24350,24350,[],0,,False,,,,,,,,,,
2025-05-05,0,True,OPENED,,24450.65,24459.5,0.0337761981787805,0.3598981240636971,-0.1061848944826711,-0.104129263913824,-0.0086206896551724,24350,24350,[],0,,True,STRANGLE,2025-05-05T09:15:00+05:30,2025-05-13T00:00:00,8.0,1905.0,1905.0,,,2.2640803503981094e-06,HOLD
2025-05-06,1,False,,,24456.95,24335.9,0.0330642210087521,1.0,-0.0726553658554289,-0.1190123456790123,0.1304347826086956,24550,24250,[],0,,True,STRANGLE,2025-05-05T09:15:00+05:30,2025-05-13T00:00:00,7.0,2605.0,2605.0,,,2.2640803503981094e-06,HOLD
2025-05-07,2,False,,,24344.05,24409.3,0.0331990773926277,0.6743429077247981,-0.0853611619526651,-0.1858576206402293,-0.515625,24450,24450,[],0,,True,STRANGLE,2025-05-05T09:15:00+05:30,2025-05-13T00:00:00,6.0,4485.0,4485.0,,,2.2640803503981094e-06,HOLD
2025-05-08,3,False,,,24437.25,24154.1,0.0307235879650942,0.0917026187221941,-0.0960879229849313,-0.15807962529274,-0.1111111111111111,24450,24450,[],0,,False,STRANGLE,2025-05-05T09:15:00+05:30,2025-05-13T00:00:00,5.0,,,weekly_stop,-13735.0,1.2277718094622115e-05,HOLD
2025-05-09,4,False,,,24125.25,24038.65,0.0369592024953109,0.3896007235590057,-0.1292180529004339,-0.4168207024029575,-0.3714285714285714,24450,24250,[],0,,False,,,,,,,,,,
2025-05-12,0,True,OPENED,,24514.05,24920.25,0.0256036844177114,0.1517791508295725,-0.0738717424965011,0.2703575849679451,0.1977454203851573,24500,24500,[],0,,False,STRANGLE,2025-05-12T09:15:00+05:30,2025-05-20T00:00:00,8.0,,,weekly_stop,-7154.999999999993,2.2640803503981094e-06,HOLD
2025-05-13,1,True,OPENED,,24956.95,24593.65,0.0272509260947351,0.2525356986849983,-0.0660566178771852,0.1285507944150216,-0.0947368421052631,24750,24650,[],0,,True,STRANGLE,2025-05-13T09:15:00+05:30,2025-05-20T00:00:00,7.0,1209.9999999999854,1209.9999999999854,,,2.2640803503981094e-06,HOLD
2025-05-14,2,False,,,24619.6,24685.75,0.0266251279468391,1.0,-0.0787168857828017,0.0457402701618296,0.1033434650455927,24500,24500,[],0,,False,STRANGLE,2025-05-13T09:15:00+05:30,2025-05-20T00:00:00,6.0,,,target_hit,7849.999999999985,2.2640803503981094e-06,HOLD
2025-05-15,3,True,OPENED,,24640.6,25035.3,0.0241593143024114,0.697753643499568,-0.032220310296238,0.0536585365853658,-0.2163742690058479,24750,24650,[],0,,False,STRANGLE,2025-05-15T09:15:00+05:30,2025-05-27T00:00:00,12.0,,,hard_exit,2669.9999999999927,2.2640803503981094e-06,HOLD
2025-05-16,4,False,,,24999.05,25013.1,0.0230508759332854,0.9676013829412504,-0.0205545661347422,0.1723236185254653,-0.0787146862195384,25000,25000,[],0,,False,,,,,,,,,,
2025-05-19,0,True,OPENED,,24977.95,24935.35,0.021484949725658,0.524738720609369,-0.0419175923062421,0.13136448720359,-0.0605693519079345,25000,25000,[],0,,True,STRANGLE,2025-05-19T09:15:00+05:30,2025-05-27T00:00:00,8.0,1640.0,1640.0,,,2.2640803503981094e-06,HOLD
2025-05-20,1,False,,,24987.3,24713.85,0.0202662952780012,0.2237660132379947,-0.0213601209492456,0.1339820644915092,-0.0091957378484892,25000,25000,[],0,,True,STRANGLE,2025-05-19T09:15:00+05:30,2025-05-27T00:00:00,7.0,5180.0,5180.0,,,2.2640803503981094e-06,HOLD
2025-05-21,2,False,,,24758.8,24800.95,0.0187589867037174,0.1172717111532813,-0.0551609505282293,-0.0955074164977057,0.0256849315068493,25050,24850,[],0,,False,STRANGLE,2025-05-19T09:15:00+05:30,2025-05-27T00:00:00,6.0,,,target_hit,7680.0,2.2640803503981094e-06,HOLD
2025-05-22,3,True,OPENED,,24704.65,24637.0,0.0185349721611113,0.6913128331155842,-0.0313612402859007,-0.24958147080651,-0.2228260869565217,25000,24500,[],0,,False,STRANGLE,2025-05-22T09:15:00+05:30,2025-06-03T00:00:00,12.0,,,hard_exit,5794.999999999993,0.010530628005722605,HOLD
2025-05-23,4,False,,,24650.35,24845.15,0.0158882125405927,0.1356925088910529,-0.0423052341384106,0.0673772609819121,0.153200305310217,24650,24650,[],0,,False,,,,,,,,,,
2025-05-26,0,True,,premium_lt_min,24994.3,24996.35,0.015925631043878,0.0,0.0063591234181728,0.2891583727896415,0.5039845136312309,25000,24800,[],0,,False,,,,,,,,,,
2025-05-27,1,True,OPENED,,24920.1,24837.7,0.0174136540383064,0.5253299501979494,0.0408131121343948,-0.1125539842074574,-0.4413948256467941,25000,25000,[],0,,False,STRANGLE,2025-05-27T09:15:00+05:30,2025-06-03T00:00:00,7.0,,,target_hit,6870.000000000007,2.2640803503981094e-06,HOLD
2025-05-28,2,True,,premium_lt_min,24809.35,24757.15,0.0159677702156646,0.897975993725217,0.0127332692810705,0.0288763400623985,-0.1539936267778958,25000,24500,[],0,,False,,,,,,,,,,
2025-05-29,3,True,,premium_lt_min,24884.5,24880.85,0.0074644859249733,1.0,0.0695492817980286,0.3548201899904537,0.5290882664885886,25000,24800,[],0,,False,,,,,,,,,,
2025-05-30,4,False,,,24816.35,24736.65,0.033455766057458,0.0887265020231998,-0.0970961612160679,-0.0465108343286128,-0.0451887293992557,25000,24500,[],0,,False,,,,,,,,,,
2025-06-02,0,True,OPENED,,24609.6,24690.7,0.0338892139652818,0.327712185718633,-0.1029566638039123,-0.2711828859060403,-0.3663793103448275,24900,24500,[],0,,True,STRANGLE,2025-06-02T09:15:00+05:30,2025-06-10T00:00:00,8.0,45.0,45.0,,,2.2640803503981094e-06,HOLD
2025-06-03,1,False,,,24802.9,24538.4,0.0330566183793024,0.0096670020501689,-0.069341066783467,-0.0431712962962963,-0.088778729157278,25000,24500,[],0,,True,STRANGLE,2025-06-02T09:15:00+05:30,2025-06-10T00:00:00,7.0,4115.0,4115.0,,,2.2640803503981094e-06,HOLD
2025-06-04,2,False,,,24591.75,24612.0,0.0321530594609981,1.0,-0.0621462452786657,-0.1007382941519331,0.1065573770491803,24500,24500,[],0,,False,STRANGLE,2025-06-02T09:15:00+05:30,2025-06-10T00:00:00,6.0,,,target_hit,9940.0,2.2640803503981094e-06,HOLD
2025-06-05,3,True,OPENED,,24661.6,24761.1,0.0289113439517306,0.3791259508078394,-0.0691000796926641,-0.2150148172538689,-0.0078740157480314,24850,24750,[],0,,False,STRANGLE,2025-06-05T09:15:00+05:30,2025-06-17T00:00:00,12.0,,,hard_exit,1545.0,2.2640803503981094e-06,HOLD
2025-06-06,4,False,,,24734.0,25000.3,0.027876607099539,0.6976209965804702,-0.0657057485914378,-0.0731029692654974,-0.0413223140495867,24850,24750,[],0,,False,,,,,,,,,,
2025-06-09,0,True,OPENED,,25117.5,25103.1,0.0261112769981088,1.0,-0.0749139178571544,0.2784673889646265,0.1308232291001914,25000,25000,[],0,,True,STRANGLE,2025-06-09T09:15:00+05:30,2025-06-17T00:00:00,8.0,3435.0,3435.0,,,2.2640803503981094e-06,HOLD
2025-06-10,1,False,,,25153.9,25091.5,0.0240459729902718,0.7634498566384554,-0.0774598819881705,0.3364233294708381,0.3063583815028902,25150,24850,[],0,,False,STRANGLE,2025-06-09T09:15:00+05:30,2025-06-17T00:00:00,7.0,,,target_hit,9885.0,2.2640803503981094e-06,HOLD
2025-06-11,2,True,OPENED,,25110.45,25126.8,0.0218076537855753,0.3298026461571257,-0.0964033529777012,0.073061952643529,-0.1550068587105624,25000,25000,[],0,,True,STRANGLE,2025-06-11T09:15:00+05:30,2025-06-24T00:00:00,13.0,1930.0000000000073,1930.0000000000073,,,2.2640803503981094e-06,HOLD
2025-06-12,3,False,,,25129.4,24856.0,0.020925688635622,0.3035045612709827,-0.0605955138418978,0.034846547314578,-0.175,25150,25150,[],0,,False,STRANGLE,2025-06-11T09:15:00+05:30,2025-06-24T00:00:00,12.0,,,hard_exit,1455.0000000000073,2.2640803503981094e-06,HOLD
2025-06-13,4,False,,,24539.9,24735.55,0.0244397898931943,1.0,-0.0336865171907806,-0.7039426523297491,-0.0448717948717948,24850,24850,[],0,,False,,,,,,,,,,
2025-06-16,0,True,OPENED,,24767.55,24940.95,0.0197678010138265,0.3148709440885124,-0.0628127448384304,0.0430055955235811,-0.0070148090413094,24750,24850,[],0,,True,STRANGLE,2025-06-16T09:15:00+05:30,2025-06-24T00:00:00,8.0,1520.0,1520.0,,,2.2640803503981094e-06,HOLD
2025-06-17,1,False,,,24927.0,24841.5,0.0184899907730573,0.905031339642228,-0.0582608967739055,-0.198991775006633,-0.1737089201877934,25150,24850,[],0,,True,STRANGLE,2025-06-16T09:15:00+05:30,2025-06-24T00:00:00,7.0,5260.0,5260.0,,,2.2640803503981094e-06,HOLD
2025-06-18,2,False,,,24791.35,24798.75,0.0172257662450814,0.912254905464348,-0.0350794877562482,-0.2175695730000153,-0.1866003663962313,25000,24500,[],0,,False,STRANGLE,2025-06-16T09:15:00+05:30,2025-06-24T00:00:00,6.0,,,target_hit,7725.0,2.2640803503981094e-06,HOLD
2025-06-19,3,True,,premium_lt_min,24783.9,24744.7,0.0157219001045033,0.4210256761951744,-0.1019347227038218,-0.1674653247525002,-0.0481710458526532,25000,24500,[],0,,False,,,,,,,,,,
2025-06-20,4,False,,,24864.85,25079.75,0.0138830517779113,0.6754776263748048,-0.0632235331144401,0.2078706672516791,0.2799393431501656,24850,24850,[],0,,False,,,,,,,,,,
2025-06-23,0,True,,premium_lt_min,24968.35,24958.9,0.012005198581404,0.6430741919912637,-0.0164638991492186,-0.3187182910547396,-0.2288909408022981,25050,24850,[],0,,False,,,,,,,,,,
2025-06-24,1,True,,premium_lt_min,25216.5,25071.55,0.009569131322745,0.2936829229919172,0.049038358334824,0.5410027421626028,0.4661909304373349,25000,25000,[],0,,False,,,,,,,,,,
2025-06-25,2,True,,premium_lt_min,25146.6,25236.35,0.0072574423580126,0.6288699492965472,-0.0218380291971722,0.2008996460199609,0.092272094066536,25250,24850,[],0,,False,,,,,,,,,,
2025-06-26,3,True,,premium_lt_min,25282.35,25530.4,0.0041254076460455,0.433713121171992,0.0831636357208769,0.258608071605672,0.3463124494174171,25500,25200,[],0,,False,,,,,,,,,,
2025-06-27,4,False,,,25616.2,25632.45,0.0299146633770816,0.4196328068349031,-0.1857822658672531,0.1731669266770671,0.2110817941952506,25500,25500,[],0,,False,,,,,,,,,,
2025-06-30,0,True,OPENED,,25630.15,25507.45,0.0287844589282544,0.6462710073719724,-0.1261910268207896,-0.0556579432362698,-0.3296703296703296,25850,25550,[],0,,True,STRANGLE,2025-06-30T09:15:00+05:30,2025-07-08T00:00:00,8.0,1410.0,1410.0,,,2.2640803503981094e-06,HOLD
2025-07-01,1,False,,,25521.45,25533.0,0.0283526210305448,0.3507770440976285,-0.1796375594582205,0.0015171358549773,0.1087786259541984,25500,25500,[],0,,True,STRANGLE,2025-06-30T09:15:00+05:30,2025-07-08T00:00:00,7.0,3920.0,3920.0,,,2.2640803503981094e-06,HOLD
2025-07-02,2,False,,,25599.3,25442.85,0.0269714406253296,0.0,-0.1896366069563737,0.0771965464702894,-0.3056300268096514,25500,25500,[],0,,True,STRANGLE,2025-06-30T09:15:00+05:30,2025-07-08T00:00:00,6.0,5059.999999999985,5059.999999999985,,,2.2640803503981094e-06,HOLD
2025-07-03,3,False,,,25486.2,25397.4,0.0262377286531534,0.1689299299572944,-0.1854306081957066,0.0035573906248177,-0.0464432686654908,25500,25500,[],0,,False,STRANGLE,2025-06-30T09:15:00+05:30,2025-07-08T00:00:00,5.0,,,target_hit,7375.0,2.2640803503981094e-06,HOLD
2025-07-04,4,False,,,25436.9,25467.8,0.0259878365681352,0.5093522425796342,-0.1777551457668382,-0.1267713519724243,-0.5064935064935064,25550,25550,[],0,,False,,,,,,,,,,
2025-07-07,0,True,,iv_rank_band,25424.65,25454.95,0.0247633694072484,0.0,-0.1720695098473879,-0.1833124105917729,0.0792227204783258,25500,25500,[],0,,False,,,,,,,,,,
2025-07-08,1,True,,prev_range_band,25449.8,25523.1,0.0243872250469551,0.6758729351969522,-0.1498200859322745,0.0113184460079535,0.7215189873417721,25550,25250,[],0,,False,,,,,,,,,,
2025-07-09,2,True,OPENED,,25504.3,25464.65,0.0227196982469622,0.6497055648981411,-0.1200322028924084,0.017450437989857,0.0489311163895486,25500,25500,[],0,,True,STRANGLE,2025-07-09T09:15:00+05:30,2025-07-22T00:00:00,13.0,2815.0000000000146,2815.0000000000146,,,2.2640803503981094e-06,HOLD
2025-07-10,3,False,,,25483.0,25348.15,0.0212847780873523,0.5903220092115101,-0.1530342347538334,0.0324004372305978,0.2468389224848818,25500,25500,[],0,,False,STRANGLE,2025-07-09T09:15:00+05:30,2025-07-22T00:00:00,12.0,,,hard_exit,4960.000000000015,0.010530628005722605,HOLD
2025-07-11,4,False,,,25263.05,25140.55,0.0208704016340069,0.6763284029127664,-0.1437432414281494,-0.7260656883298393,-0.2611464968152866,25550,25250,[],0,,False,,,,,,,,,,
2025-07-14,0,True,OPENED,,25119.45,25087.1,0.0199765520343797,0.0972526578020546,-0.1404548253748161,-0.3562641532529531,-0.1328976034858388,25000,25000,[],0,,True,STRANGLE,2025-07-14T09:15:00+05:30,2025-07-22T00:00:00,8.0,2680.0,2680.0,,,2.2640803503981094e-06,HOLD
2025-07-15,1,False,,,25150.45,25219.65,0.0184807826500122,0.6680708878835717,-0.1193183271778903,-0.0276788161140038,0.5,25250,25250,[],0,,False,STRANGLE,2025-07-14T09:15:00+05:30,2025-07-22T00:00:00,7.0,,,target_hit,6445.0,2.2640803503981094e-06,HOLD
2025-07-16,2,True,OPENED,,25168.75,25198.55,0.0170568661534641,0.9142270822437144,-0.126119702830865,-0.1734983243103892,0.0458715596330275,25250,25250,[],0,,True,STRANGLE,2025-07-16T09:15:00+05:30,2025-07-29T00:00:00,13.0,2700.0,2700.0,,,2.2640803503981094e-06,HOLD
2025-07-17,3,False,,,25219.95,25109.5,0.0158148608542047,0.2477403255721575,-0.1682388036812803,-0.0018290760012614,0.0113162596783799,25500,25000,[],0,,False,STRANGLE,2025-07-16T09:15:00+05:30,2025-07-29T00:00:00,12.0,,,ml_exit,3675.0,0.9999662253171402,EXIT
2025-07-18,4,False,,,25115.85,24967.45,0.0152752146552873,0.0,-0.1200903092420665,-0.1842591277170052,-0.2,25000,25000,[],0,,False,,,,,,,,,,
2025-07-21,0,True,,premium_lt_min,24961.1,25093.3,0.0145846937835271,0.698951434878587,-0.0933511893110602,-0.1169244110420581,-0.3953013278855976,25250,25250,[],0,,False,,,,,,,,,,
2025-07-22,1,True,,premium_lt_min,25150.95,25064.9,0.0126158256447569,0.5146062491069369,-0.1103818159056262,0.1903131735767719,0.2632807939287799,25250,24950,[],0,,False,,,,,,,,,,
2025-07-23,2,True,,premium_lt_min,25135.2,25209.2,0.0110800789331296,0.1667265432347142,-0.1387015935642382,0.2883435582822086,0.3397780164697458,25250,24950,[],0,,False,,,,,,,,,,
2025-07-24,3,True,,premium_lt_min,25219.5,25051.9,0.0101270842007176,0.2688191664553739,-0.0784871140215351,0.0016358245578161,-0.142888188634141,25500,25000,[],0,,False,,,,,,,,,,
2025-07-25,4,False,,,24954.55,24832.2,0.0099040054819662,0.2989673035161385,-0.1075859298275034,-0.469983257593877,-0.3002524127691166,25250,25150,[],0,,False,,,,,,,,,,
2025-07-28,0,True,,premium_lt_min,24755.05,24673.95,0.0095010916964417,0.2300782373964966,-0.045663695410137,-0.5263307175947811,-0.5132251611469215,24950,24850,[],0,,False,,,,,,,,,,
2025-07-29,1,True,,premium_lt_min,24633.65,24830.4,0.0084477939728785,1.0,0.0773166754039926,-0.2664138512219413,-0.2180133791968261,24850,24650,[],0,,False,,,,,,,,,,
2025-07-30,2,True,,premium_lt_min,24833.05,24844.55,0.0060161760234848,0.149939308955158,-0.1229390018195834,0.21730163054053,0.0300270815575671,24850,24650,[],0,,False,,,,,,,,,,
2025-07-31,3,True,,premium_lt_min,24699.1,24765.6,0.0053139588082156,0.2651725713016293,-0.1212397128053853,-0.3552807508012769,-0.1934119468650572,25000,24800,[],0,,False,,,,,,,,,,
2025-08-01,4,False,,,24723.55,24572.15,0.0243249856917797,0.2812499999999998,-0.218369259606373,-0.4080447708989157,-0.1773642233194075,25000,25000,[],0,,False,,,,,,,,,,
2025-08-04,0,True,OPENED,,24613.85,24726.9,0.0238402362897311,0.5624999999999994,-0.1563896336014298,-0.2394563378638511,0.0342261904761904,24800,24500,[],0,,True,STRANGLE,2025-08-04T09:15:00+05:30,2025-08-12T00:00:00,8.0,3375.0,3375.0,,,2.2640803503981094e-06,HOLD
2025-08-05,1,False,,,24714.6,24649.5,0.0223511608522897,0.5784313725490197,-0.1913897987833411,-0.1367946169139012,-0.1218390804597701,25000,25000,[],0,,False,STRANGLE,2025-08-04T09:15:00+05:30,2025-08-12T00:00:00,7.0,,,target_hit,6419.999999999993,2.2640803503981094e-06,HOLD
2025-08-06,2,True,OPENED,,24643.7,24569.6,0.0212184047038391,0.2528735632183918,-0.1643507426928605,-0.0239021678710394,-0.0344827586206896,24950,24650,[],0,,True,STRANGLE,2025-08-06T09:15:00+05:30,2025-08-19T00:00:00,13.0,-1030.0000000000073,0.0,,,2.2640803503981094e-06,HOLD
2025-08-07,3,False,,,24501.7,24626.65,0.0209903802593289,0.5068493150684917,-0.1520606347702511,-0.5670494225087295,-0.4532005689900427,24800,24500,[],0,,False,STRANGLE,2025-08-06T09:15:00+05:30,2025-08-19T00:00:00,12.0,,,hard_exit,3880.0,0.010530628005722605,HOLD
2025-08-08,4,False,,,24558.75,24350.85,0.0198727541100422,0.4196428571428573,-0.1084928816887579,-0.2799511002444987,-0.4029850746268656,24650,24550,[],0,,False,,,,,,,,,,
2025-08-11,0,True,OPENED,,24360.65,24562.15,0.0201780330163604,0.7536945812807884,-0.1152482269503545,-0.4066390041493776,-0.2886297376093295,24650,24450,[],0,,True,STRANGLE,2025-08-11T09:15:00+05:30,2025-08-19T00:00:00,8.0,3900.0000000000073,3900.0000000000073,,,2.2640803503981094e-06,HOLD
2025-08-12,1,False,,,24543.95,24485.85,0.0182835281199643,0.6999999999999998,-0.1064836725035494,-0.1601752677702044,-0.036144578313253,24750,24450,[],0,,True,STRANGLE,2025-08-11T09:15:00+05:30,2025-08-19T00:00:00,7.0,5515.0,5515.0,,,2.2640803503981094e-06,HOLD
2025-08-13,2,False,,,24582.3,24630.4,0.0171098717369814,0.1417322834645667,-0.0966796875,0.1054163100623548,0.0695596681557115,24500,24500,[],0,,False,STRANGLE,2025-08-11T09:15:00+05:30,2025-08-19T00:00:00,6.0,,,target_hit,7720.0,2.2640803503981094e-06,HOLD
2025-08-14,3,True,OPENED,,24645.05,24616.05,0.0167619866869817,0.7619047619047613,-0.0715667311411992,-0.0751858992013219,0.2444444444444444,24650,24650,[],0,,False,STRANGLE,2025-08-14T09:15:00+05:30,2025-08-26T00:00:00,12.0,,,ml_exit,-65.0,0.9999662253171402,EXIT
2025-08-18,0,True,,prev_range_band,24919.4,24884.05,0.0160657961267125,0.7696969696969693,-0.0326741186586414,0.2826180126125023,0.1818235259537946,25000,25000,[],0,,False,,,,,,,,,,
2025-08-19,1,True,,premium_lt_min,24900.65,24989.7,0.0136341822402226,0.7931034482758619,-0.0614793467819404,-0.0335410236999941,-0.0343386085398626,25000,25000,[],0,,False,,,,,,,,,,
2025-08-20,2,True,,premium_lt_min,24959.3,25047.15,0.0120335906856362,0.5511811023622046,-0.1112260734609415,-0.0384022604675057,0.0033589251439539,24950,24950,[],0,,False,,,,,,,,,,
2025-08-21,3,True,,premium_lt_min,25095.4,25076.95,0.0107310503120093,0.5642857142857145,-0.1046070460704606,0.226766145954768,0.1623328128182497,25000,25000,[],0,,False,,,,,,,,,,
2025-08-22,4,False,,,25052.2,24869.45,0.00913492627394,0.120805369127517,-0.1493158834027364,-0.2030482358195623,-0.1379452549100469,25150,24950,[],0,,False,,,,,,,,,,
2025-08-25,0,True,,premium_lt_min,24933.8,24978.55,0.0079570703222132,0.9891891891891894,-0.0773839241138292,0.3436988165816974,0.1212073737531986,25050,24850,[],0,,False,,,,,,,,,,
2025-08-26,1,True,,premium_lt_min,24910.45,24710.7,0.0055759731357723,0.2830687830687832,-0.110018438844499,-0.3235682794922764,-0.4279563019839034,25000,25000,[],0,,False,,,,,,,,,,
2025-08-28,3,True,,premium_lt_min,24615.5,24533.1,0.0046312282911173,0.7931034482758621,-0.1330014224751067,-0.636191714437681,-0.6055917964804715,24800,24500,[],0,,False,,,,,,,,,,
2025-08-29,4,False,,,24542.1,24433.65,0.0272939153536168,1.0,-0.1135135135135134,-0.2283798093893399,0.5522388059701493,24550,24550,[],0,,False,,,,,,,,,,
2025-09-01,0,True,OPENED,,24512.7,24624.3,0.0254153969167003,0.990196078431371,-0.1030975496994914,-0.3612989323843416,-0.0235033259423503,24500,24500,[],0,,True,STRANGLE,2025-09-01T09:15:00+05:30,2025-09-09T00:00:00,8.0,2935.0,2935.0,,,2.2640803503981094e-06,HOLD
2025-09-02,1,False,,,24675.75,24575.0,0.0231239172061639,0.1754385964912273,-0.1523573200992556,0.012822421162311,0.0460829493087557,25000,24500,[],0,,True,STRANGLE,2025-09-01T09:15:00+05:30,2025-09-09T00:00:00,7.0,3660.0,3660.0,,,2.2640803503981094e-06,HOLD
2025-09-03,2,False,,,24603.2,24713.6,0.0234380080639916,0.4301075268817196,-0.1903147699757869,-0.1924394010609011,-0.2880382775119617,24500,24500,[],0,,False,STRANGLE,2025-09-01T09:15:00+05:30,2025-09-09T00:00:00,6.0,,,target_hit,7065.0,2.2640803503981094e-06,HOLD
2025-09-04,3,True,OPENED,,24876.6,24739.8,0.0220830016963733,0.3939393939393944,-0.169584792396198,0.1306668423827095,0.1287730727470141,25000,25000,[],0,,False,STRANGLE,2025-09-04T09:15:00+05:30,2025-09-16T00:00:00,12.0,,,hard_exit,2120.0,2.2640803503981094e-06,HOLD
2025-09-05,4,False,,,24814.65,24743.95,0.0204959570253862,0.0,-0.1913746630727763,-0.030418327092136,-0.0116472545757071,25000,25000,[],0,,False,,,,,,,,,,
2025-09-08,0,True,OPENED,,24804.95,24791.2,0.0200685750223241,0.272727272727273,-0.123916369199388,-0.0342522332148688,-0.0051921079958463,25000,24500,[],0,,True,STRANGLE,2025-09-08T09:15:00+05:30,2025-09-16T00:00:00,8.0,1700.0,1700.0,,,2.2640803503981094e-06,HOLD
2025-09-09,1,False,,,24867.55,24878.8,0.0193666042694193,0.394957983193278,-0.1268191268191267,0.0788767662314434,-0.4308943089430894,24850,24650,[],0,,True,STRANGLE,2025-09-08T09:15:00+05:30,2025-09-16T00:00:00,7.0,3580.0,3580.0,,,2.2640803503981094e-06,HOLD
2025-09-10,2,False,,,24971.0,24977.55,0.0184934524047895,0.0,-0.190603310197544,0.2512257305353991,0.0634920634920634,25250,24650,[],0,,True,STRANGLE,2025-09-08T09:15:00+05:30,2025-09-16T00:00:00,6.0,5120.0,5120.0,,,2.2640803503981094e-06,HOLD
2025-09-11,3,False,,,24959.2,25008.1,0.0179693259399339,0.8444444444444439,-0.0770866560340245,0.0316152519639777,-0.4033149171270718,25150,24750,[],0,,False,STRANGLE,2025-09-08T09:15:00+05:30,2025-09-16T00:00:00,5.0,,,target_hit,7325.0,2.2640803503981094e-06,HOLD
2025-09-12,4,False,,,25063.3,25107.7,0.0164762820538396,0.5423728813559329,-0.0909090909090908,0.2421319796954314,0.0605187319884726,25150,24750,[],0,,False,,,,,,,,,,
2025-09-15,0,True,,premium_lt_min,25118.1,25069.7,0.0156361348987383,0.2553191489361706,-0.0936819172113289,0.1421715133401688,0.0334101382488479,25000,25000,[],0,,False,,,,,,,,,,
2025-09-16,1,True,,premium_lt_min,25094.8,25254.45,0.0147978864147154,0.1146496815286622,-0.0997245179063361,0.1038035365110069,0.0544,25000,25000,[],0,,False,,,,,,,,,,
2025-09-17,2,True,,premium_lt_min,25306.65,25330.15,0.0139647088808672,0.6132075471698114,-0.0011312217194569,0.3773574796399486,0.0548999486916367,25500,25000,[],0,,False,,,,,,,,,,
2025-09-18,3,True,,premium_lt_min,25418.75,25420.75,0.0126815834767642,0.0354609929078012,-0.0533333333333333,0.1058938139308329,0.0417948717948718,25500,25100,"[{""date"": ""2025-09-18"", ""label"": ""RBI Policy Day"", ""severity"": ""high"", ""action"": ""skip""}]",1,,False,,,,,,,,,,
2025-09-19,4,False,,,25396.8,25352.5,0.0113793863793863,0.1257861635220127,-0.0985915492957746,-0.0680298424979276,-0.0767004341534008,25500,25200,[],0,,False,,,,,,,,,,
2025-09-22,0,True,,premium_lt_min,25242.45,25200.2,0.0113122933788122,0.479553903345725,0.0901146914254505,-0.2000373552484124,-0.4987271464938672,25550,25150,[],0,,False,,,,,,,,,,
2025-09-23,1,True,,premium_lt_min,25237.45,25184.9,0.0104824378057212,0.1327433628318587,0.0049806308799114,0.0711918211101255,0.0731871838111298,25450,25050,[],0,,False,,,,,,,,,,
2025-09-24,2,True,,premium_lt_min,25110.25,25060.9,0.0094582889457492,0.2480000000000004,-0.0179087232813402,-0.4334155162863442,-0.4425366695427092,25300,25000,[],0,,False,,,,,,,,,,
2025-09-25,3,True,,premium_lt_min,25014.9,24904.55,0.008149143110706,0.2205882352941178,-0.0012376237623762,-0.331692268491555,-0.581853140450467,25300,25000,[],0,,False,,,,,,,,,,
2025-09-26,4,False,,,24823.45,24673.1,0.008292562073362,0.8851674641148324,0.0930232558139534,-0.6004043494890989,-0.6721032735196527,25000,25000,[],0,,False,,,,,,,,,,
2025-09-29,0,True,,premium_lt_min,24710.85,24677.55,0.006341343984525,0.7250280583613917,0.2597894736842106,0.0093960638893717,-0.1742412813768767,25000,24500,[],0,,False,,,,,,,,,,
2025-09-30,1,True,,premium_lt_min,24710.3,24633.6,0.0041723491823247,0.8800786369593709,0.0595660749506903,0.2026267101611568,0.2241190481661037,25000,24600,[],0,,False,,,,,,,,,,
2025-10-01,2,True,OPENED,,24638.1,24853.4,0.023579334445432,0.7553956834532376,-0.1165234001910219,-0.3774361789733736,0.362962962962963,24750,24750,[],0,,True,STRANGLE,2025-10-01T09:15:00+05:30,2025-10-14T00:00:00,13.0,5095.000000000007,5095.000000000007,,,0.010530628005722605,HOLD
2025-10-03,4,False,,,24796.7,24895.0,0.0214887464864276,0.9285714285714288,-0.0740365111561865,-0.1261297939907173,-0.1140716069941715,25000,25000,[],0,,False,STRANGLE,2025-10-01T09:15:00+05:30,2025-10-14T00:00:00,11.0,,,target_hit,8800.000000000007,0.010530628005722605,HOLD
2025-10-06,0,True,OPENED,,24913.2,25072.55,0.0196442046786442,0.4934210526315791,-0.1244094488188976,0.0067218756721875,0.0183976261127596,25000,25000,[],0,,True,STRANGLE,2025-10-06T09:15:00+05:30,2025-10-14T00:00:00,8.0,2035.0,2035.0,,,2.2640803503981094e-06,HOLD
2025-10-07,1,False,,,25122.45,25112.8,0.0183600723655535,0.214953271028037,-0.1330756488128106,0.171861616951551,-0.0059405940594059,25000,25000,[],0,,True,STRANGLE,2025-10-06T09:15:00+05:30,2025-10-14T00:00:00,7.0,4800.0,4800.0,,,2.2640803503981094e-06,HOLD
2025-10-08,2,False,,,25104.45,25023.8,0.0173375636590325,0.7258064516129034,-0.1128757799205899,0.0583636049126448,-0.1285106382978723,25000,25000,[],0,,True,STRANGLE,2025-10-06T09:15:00+05:30,2025-10-14T00:00:00,6.0,5090.0,5090.0,,,2.2640803503981094e-06,HOLD
2025-10-09,3,False,,,25075.8,25170.3,0.0167591861476004,0.1515151515151516,-0.1217587373167981,0.1402806129040593,-0.0674662668665667,25000,25000,[],0,,False,STRANGLE,2025-10-06T09:15:00+05:30,2025-10-14T00:00:00,5.0,,,ml_exit,6935.000000000007,0.9999662253171402,EXIT
2025-10-10,4,False,,,25170.95,25278.2,0.0170176334226558,0.6412213740458012,-0.0065934065934066,-0.1383171912832929,0.1131221719457013,25250,25050,[],0,,False,,,,,,,,,,
2025-10-13,0,True,OPENED,,25213.5,25237.15,0.0165149622226188,0.8899082568807346,-0.0061412487205731,-0.0432448092708836,-0.1927625354777672,25500,25000,[],0,,False,STRANGLE,2025-10-13T09:15:00+05:30,2025-10-21T00:00:00,8.0,,,ml_exit,1065.0,0.9999662253171402,EXIT
2025-10-14,1,True,,premium_lt_min,25291.65,25116.55,0.0155367482943975,0.0327868852459009,-0.0998431782540512,0.1874799615261301,0.130766562608394,25500,25000,[],0,,False,,,,,,,,,,
2025-10-15,2,True,,premium_lt_min,25220.75,25327.75,0.015352437972701,0.9059829059829064,0.0376871450696954,0.0648495011119435,0.0889452581621798,25500,25000,[],0,,False,,,,,,,,,,
2025-10-16,3,True,,premium_lt_min,25405.5,25566.3,0.0138178740823837,0.891025641025641,0.0526315789473683,0.1729517352952505,0.2562107904642409,25500,25100,[],0,,False,,,,,,,,,,
2025-10-17,4,False,,,25552.2,25704.7,0.0134822050547506,0.2146892655367236,-0.0816326530612244,0.1223555824194801,0.1334879099039417,25750,25250,[],0,,False,,,,,,,,,,
2025-10-20,0,True,,premium_lt_min,25905.1,25847.05,0.0116405649852731,0.4316546762589924,-0.0074866310160428,0.6952528780235416,0.2966308098234219,26000,25600,[],0,,False,,,,,,,,,,
2025-10-21,1,True,,premium_lt_min,25924.05,25833.3,0.0108451418663364,0.156716417910447,-0.0563607085346216,0.2639055453270949,0.2633858630540964,26000,25700,[],0,,False,,,,,,,,,,
2025-10-23,3,True,,premium_lt_min,26018.05,25870.3,0.010358193638647,0.8521739130434782,0.1575375666505089,0.4101803989333969,0.1839425701359721,26000,25700,[],0,,False,,,,,,,,,,
2025-10-24,4,False,,,25882.2,25797.45,0.0088555068734497,0.9201680672268906,0.1685279187817259,-0.1374526366812278,-0.455557931653907,26000,26000,[],0,,False,,,,,,,,,,
2025-10-27,0,True,,premium_lt_min,25871.7,25974.0,0.0065766841761461,0.3166666666666668,0.1952614379084968,0.27424432556194,0.0953467114311831,26050,25750,[],0,,False,,,,,,,,,,
2025-10-28,1,True,,premium_lt_min,25986.85,25965.4,0.0055605046398466,1.0,0.2421921037124337,0.0199474527891826,0.1407032187075605,26000,25900,[],0,,False,,,,,,,,,,
2025-10-29,2,True,OPENED,,26009.4,26068.3,0.0249582843125946,0.2315789473684214,-0.0340136054421768,0.0232670207527996,0.0718550545604282,26000,26000,[],0,,True,STRANGLE,2025-10-29T09:15:00+05:30,2025-11-11T00:00:00,13.0,-645.0,0.0,,,2.2640803503981094e-06,HOLD
2025-10-30,3,False,,,25988.3,25891.2,0.0240127288048852,0.5754716981132068,-0.0357798165137614,-0.1094730667709453,-0.0883550488599348,26000,26000,[],0,,False,STRANGLE,2025-10-29T09:15:00+05:30,2025-11-11T00:00:00,12.0,,,hard_exit,3269.9999999999927,0.00020404064241305096,HOLD
2025-10-31,4,False,,,25833.6,25732.55,0.0235197572154093,0.1134751773049646,-0.0596877869605141,-0.2351906158357771,-0.4131736526946107,25950,25950,"[{""date"": ""2025-10-31"", ""label"": ""F&O Monthly Expiry"", ""severity"": ""high"", ""action"": ""skip""}]",1,,False,,,,,,,,,,
2025-11-03,0,True,OPENED,,25710.8,25774.3,0.0233073261042052,0.2857142857142853,-0.0379746835443038,-0.3618798955613577,-0.3991031390134529,26000,26000,[],0,,True,STRANGLE,2025-11-03T09:15:00+05:30,2025-11-11T00:00:00,8.0,540.0,540.0,,,2.2640803503981094e-06,HOLD
2025-11-04,1,False,,,25768.55,25586.25,0.023033892089388,1.0,-0.0388601036269429,-0.52306519252764,-0.1566265060240964,25950,25750,[],0,,True,STRANGLE,2025-11-03T09:15:00+05:30,2025-11-11T00:00:00,7.0,3379.9999999999927,3379.9999999999927,,,2.2640803503981094e-06,HOLD
2025-11-06,3,False,,,25648.4,25519.95,0.0215276586453735,0.8910891089108909,-0.0017482517482517,-0.305776364599894,0.4600760456273764,25950,25750,[],0,,False,STRANGLE,2025-11-03T09:15:00+05:30,2025-11-11T00:00:00,5.0,,,target_hit,8485.0,2.2640803503981094e-06,HOLD
2025-11-07,4,False,,,25372.05,25510.8,0.0203393103828819,1.0,-0.0054495912806539,-0.766497461928934,-0.7571428571428571,25650,25350,"[{""date"": ""2025-11-07"", ""label"": ""US Payrolls"", ""severity"": ""medium"", ""action"": ""light""}]",1,,False,,,,,,,,,,
2025-11-10,0,True,OPENED,,25577.05,25574.25,0.0183680291511335,0.5523565330389709,-0.0022927149360998,0.0047673364335643,0.0498753117206982,25800,25500,[],0,,True,STRANGLE,2025-11-10T09:15:00+05:30,2025-11-18T00:00:00,8.0,75.0,75.0,,,2.2640803503981094e-06,HOLD
2025-11-11,1,False,,,25612.75,25705.55,0.0183268098896057,0.2696891388877367,0.0084849965043821,-0.0121357896463127,-0.0456349206349206,25800,25500,[],0,,True,STRANGLE,2025-11-10T09:15:00+05:30,2025-11-18T00:00:00,7.0,1045.0,1045.0,,,2.2640803503981094e-06,HOLD
2025-11-12,2,False,,,25818.4,25854.85,0.0172822483190282,1.0,0.0936686804077542,0.0893719438816701,-0.0399348003259983,26000,26000,"[{""date"": ""2025-11-12"", ""label"": ""CPI Release"", ""severity"": ""medium"", ""action"": ""light""}]",1,,True,STRANGLE,2025-11-10T09:15:00+05:30,2025-11-18T00:00:00,6.0,4125.0,4125.0,,,2.2640803503981094e-06,HOLD
