date,weekday,entry_attempted,entry_outcome,entry_block_reason,spot_open,spot_close,combined_premium_pct,iv_rank,iv_skew,oi_skew,volume_skew,call_oi_max_strike,put_oi_max_strike,spot_return_1,spot_return_3,spot_return_5,spot_trend_20,spot_trend_50,spot_trend_100,spot_volatility,spot_intraday_range_pct,call_oi_change,put_oi_change,events,event_count,event_tags,has_position,structure,entry_date,target_expiry,target_days_remaining,current_pnl,best_pnl,close_reason,close_pnl,ml_exit_prob,ml_exit_decision
2024-11-11,0,True,OPENED,,24014.6,24122.1,0.0244622021603524,1.0,-0.038938686903226,-0.34963279806987,-0.2747899159663866,24000,24000,-0.0001678676456874,-0.0002631747998732,-0.000553128282257,-0.0006308681524104,-0.0010202533565732,-0.0014189394554725,0.0002055800747237,0.0130344097732387,366275.0,607025.0,[],0,,True,STRANGLE,2024-11-11T09:15:00+05:30,2024-11-19T00:00:00,8.0,5815.000000000015,5815.000000000015,,,3.6166105058321194e-06,HOLD
2024-11-12,1,False,,,24235.0,23842.95,0.0205673612543841,0.0,-0.14152869270996,-0.0148573907385316,0.6595744680851063,24250,24250,-0.0005177046610186,-0.0008569608689458,-0.0011060209012813,-0.0012532553570707,-0.0023313872145932,-0.0034985814012056,0.0003146940058516,0.0161770167113678,0.0,0.0,[],0,,False,STRANGLE,2024-11-11T09:15:00+05:30,2024-11-19T00:00:00,7.0,,,target_hit,7360.000000000015,0.423388980787186,HOLD
2024-11-13,2,True,,iv_rank_band,23838.85,23602.9,0.0210161144518296,0.0,-0.0801700745855961,-0.3806530737390771,-0.891156462585034,23950,23850,1.694735727153507e-05,-0.000516618604198,-3.6011227029564274e-05,0.0007308498222296,0.0009999834013282,0.0002214633373499,0.0002819713681966,0.0147266487603132,0.0,0.0,[],0,,False,,,,,,,,,,
2024-11-14,3,True,OPENED,,23599.75,23559.6,0.0221167597114376,0.748362481718938,-0.0131446252364326,-0.3096571171686624,-0.0947237224761113,23800,23500,0.000360917324456,0.0004841134354216,0.0005393491287599,0.0006495902954077,0.0009209632609152,0.0009768224607771,0.0002659510108353,0.00734747181039,0.0,0.0,[],0,,False,STRANGLE,2024-11-14T09:15:00+05:30,2024-11-26T00:00:00,12.0,,,hard_exit,5305.000000000007,3.6166105058321194e-06,HOLD
2024-11-18,0,True,OPENED,,23587.75,23465.3,0.0196712276499454,0.3850313856715743,-0.06369877996919,-0.1527452780183837,-0.0168821292775665,23500,23500,2.1308104536377215e-06,0.0002621578360681,0.0006865905873121,0.0003443339299398,0.0004299456207736,0.000284356382956,0.0002927450666985,0.0099373615541966,0.0,0.0,[],0,,True,STRANGLE,2024-11-18T09:15:00+05:30,2024-11-26T00:00:00,8.0,3715.0,3715.0,,,0.1215118974738146,HOLD
2024-11-19,1,False,,,23551.1,23468.7,0.0169121612153997,0.6144562554247416,-0.0134394303919333,-0.1354003549431047,-0.0043352601156069,23750,23550,-0.0001853189082798,-0.0010173416309815,-0.0014976237986036,-0.0015366481594329,-0.0038832574182713,-0.0063526174742855,0.0004720815491173,0.0129912186259335,0.0,0.0,[],0,,False,STRANGLE,2024-11-18T09:15:00+05:30,2024-11-26T00:00:00,7.0,,,trailing_lock,1860.0,3.6166105058321134e-06,HOLD
2024-11-21,3,True,OPENED,,23446.75,23346.75,0.0183671510977001,0.1230414308514125,-0.2244545264789242,-0.286666226825889,-0.2019464720194647,23750,23550,-2.9981860974137575e-05,-0.0003446828917396,-0.0003489631726105,-0.000250899348884,-5.9938617089018056e-05,7.320888243412846e-05,0.0002189467299559,0.0077132225148474,0.0,0.0,[],0,,False,STRANGLE,2024-11-21T09:15:00+05:30,2024-12-03T00:00:00,12.0,,,hard_exit,4345.0,3.6166105058321194e-06,HOLD
2024-11-22,4,False,,,23399.65,23873.5,0.0156433963755868,0.2965136467218789,-0.0327594604678826,-0.0601778697001034,0.0630122042680848,23500,23500,-0.0002282344910475,-0.0003914943149581,-0.0010251903925014,-0.0006691167181813,-0.0006359707890862,0.0007286264785465,0.0005726354072906,0.0229362873946456,-3245650.0,-2166650.0,[],0,,False,,,,,,,,,,
2024-11-25,0,True,,premium_lt_min,24288.7,24250.8,0.014302947461165,0.8878797587957044,-0.0256245222146006,0.4979459097774694,0.4678289000718907,24500,24000,2.0617919032073218e-06,0.000129909496384,2.6803957913656973e-05,0.0004478041092817,0.0008435029528015,0.0010884582687502,0.0002671513617703,0.008620087802514,0.0,0.0,[],0,,False,,,,,,,,,,
2024-11-26,1,True,,premium_lt_min,24286.8,24192.95,0.0108536324258444,0.4419465772154943,-0.0851486629691381,0.0952575527382274,0.0718127964774506,24500,24300,0.0001881066957714,-3.0999805734510666e-05,-2.0666750711439977e-05,-5.2093289247838555e-05,-0.0001736051073633,-5.04492749757664e-05,0.0002396654704292,0.0081880813589132,0.0,0.0,[],0,,False,,,,,,,,,,
2024-11-27,2,True,,premium_lt_min,24164.05,24277.35,0.0087423258932174,1.0,0.1185527941085599,-0.226577381701617,-0.4742092689918777,24250,24150,5.561047948576814e-05,-6.590070822676264e-05,4.531177591271529e-05,4.122780503104978e-05,-0.0001457901733198,-0.0003666781827236,0.0001510444461446,0.0082272334361993,0.0,0.0,[],0,,False,,,,,,,,,,
2024-11-28,3,True,,premium_lt_min,24300.7,23957.45,0.0058208199763792,0.1627283619264982,0.0962812289708119,0.0698785125489218,0.0273571225688786,24500,24000,0.0,0.0003298600600012,3.339365061472144e-05,0.000784683309738,0.0009873394918239,0.0003829975495684,0.0001984334401683,0.0189899288673621,0.0,0.0,[],0,,False,,,,,,,,,,
2024-11-29,4,False,,,23959.35,24123.65,0.0321210717319125,1.0,0.0134363138783311,0.0571161048689138,-0.6261682242990654,24250,24250,0.0003566237681449,0.0002073084521729,0.0001015704027991,-0.0001094604000752,-0.0003871826265134,-0.0004174120783914,0.0003179125931443,0.0099000281145087,0.0,0.0,[],0,,False,,,,,,,,,,
2024-12-02,0,True,OPENED,,24048.4,24275.25,0.0291204404451023,0.5864827359802544,0.0250641730065462,-0.0852739726027397,0.3,24150,24250,0.0001792269755138,0.0001689248346286,1.0298661174079626e-05,8.978530557507175e-05,0.0001732070975407,0.0008344554086607,0.0001860975611739,0.0118808784524816,862725.0,872900.0,[],0,,True,STRANGLE,2024-12-02T09:15:00+05:30,2024-12-10T00:00:00,8.0,530.0,530.0,,,3.6166105058321194e-06,HOLD
2024-12-05,3,False,,,24499.95,24701.55,0.0271286267931159,0.4349362043807306,-0.091636624907247,-0.1093244298446377,-0.0292517006802721,24500,24500,-0.0002084454823996,-0.0011342682453415,-0.0016691690730857,-0.0007936411982184,-0.0005533400009386,5.4402929705633394e-05,0.0003956995308442,0.021112123827747,0.0,0.0,[],0,,False,STRANGLE,2024-12-02T09:15:00+05:30,2024-12-10T00:00:00,5.0,,,hard_exit,5514.999999999993,0.423388980787186,HOLD
2024-12-06,4,False,,,24693.55,24669.0,0.0270171765501517,0.6846556329753672,-0.0736544868681442,0.2367887391148753,-0.1035981646945182,25000,24500,-1.4187645803298564e-05,-0.0001560419651559,9.527033464196144e-05,-0.0002207773870676,-0.00036573556079,-0.0005190605590977,0.0001974496837905,0.0046158945215555,0.0,0.0,[],0,,False,,,,,,,,,,
2024-12-09,0,True,OPENED,,24649.9,24626.6,0.0249838741739317,0.8268726831138947,-0.0487642733815768,-0.2472120472120472,-0.1785714285714285,24750,24650,-9.3386225125891e-05,-0.0002537262233156,8.934227839052511e-05,0.0001209181444295,0.0001891381849391,0.0001079728599476,0.0001308577942538,0.0049508357318372,0.0,0.0,[],0,,True,STRANGLE,2024-12-09T09:15:00+05:30,2024-12-17T00:00:00,8.0,1950.0,1950.0,,,3.6166105058321194e-06,HOLD
2024-12-10,1,False,,,24630.9,24620.5,0.0243840054565606,0.8269752721991189,-0.0442183024727974,-0.3813913541368451,-0.0434782608695652,24750,24650,1.6246887705628765e-05,-8.731797755323623e-05,0.0001949975015944,0.0003253732308604,0.0011363912422419,0.00178003444817,0.0001668523187733,0.0064560578735131,0.0,0.0,[],0,,True,STRANGLE,2024-12-09T09:15:00+05:30,2024-12-17T00:00:00,7.0,3980.0000000000073,3980.0000000000073,,,3.6166105058321194e-06,HOLD
2024-12-11,2,False,,,24615.05,24629.5,0.0230367194054044,0.7270116357695351,-0.0577512814301723,-0.2043346288048566,-0.1244358478401031,24500,24500,-0.0002394927624476,-0.0004545325416891,-0.0004301930592813,-0.0004323965390811,-0.0004757974574969,-0.0005819269476387,0.0001126572795433,0.0039774879045079,0.0,0.0,[],0,,False,STRANGLE,2024-12-09T09:15:00+05:30,2024-12-17T00:00:00,6.0,,,target_hit,10675.0,3.6166105058321194e-06,HOLD
2024-12-12,3,True,OPENED,,24626.15,24539.5,0.0200680983426154,0.4303244845311335,-0.0026030173035663,-0.1711851278079008,-0.1596638655462184,24750,24650,-0.0002403709045279,-0.0007207662111315,-0.0003910530324939,-0.0004746827645462,-0.0004675684067624,-0.0005964270650115,0.0001683506510233,0.0057149573810093,0.0,0.0,[],0,,False,STRANGLE,2024-12-12T09:15:00+05:30,2024-12-24T00:00:00,12.0,,,hard_exit,-764.9999999999927,3.6166105058321194e-06,HOLD
2024-12-13,4,False,,,24517.05,24781.3,0.0204837041976909,0.5396705719251044,-0.082417197501542,-0.2773374971766392,-0.3943086795877358,24500,24500,1.0088353802562011e-05,-0.0001795386461979,-0.0003529641932953,0.0002100441628809,0.0007861545275488,0.0018207193299928,0.000179081633,0.023957192502637,0.0,0.0,[],0,,False,,,,,,,,,,
2024-12-16,0,True,,iv_rank_band,24737.1,24648.25,0.0182519373734188,0.0,-0.0229921930965147,0.1235439855045668,-0.0109324758842443,24750,24650,-0.0001318378191996,-0.0003954091978262,-0.0006021140894696,-0.0005634672546612,-0.000719554211645,-0.0006666523212456,0.0001261984734568,0.0064483175624794,0.0,0.0,[],0,,False,,,,,,,,,,
2024-12-17,1,True,OPENED,,24579.05,24319.35,0.0196773268291492,0.2309612476402973,0.0215354286615579,-0.1486205386468141,-0.2095704814067454,24500,24500,0.0,-0.0003432301450611,-0.0003658298480162,-0.0003974525181466,-0.0005480377276132,-0.0008719153052433,0.0001483996818967,0.0124088228782213,0.0,0.0,[],0,,True,STRANGLE,2024-12-17T09:15:00+05:30,2024-12-24T00:00:00,7.0,1360.0,1360.0,,,3.6166105058321194e-06,HOLD
2024-12-18,2,False,,,24311.7,24214.7,0.0192849533352254,0.704654930128045,-0.0003928984012779,-0.2084960037900388,-0.2358119064164929,24500,24000,0.0003201559882595,0.0001280378000627,8.879692556140739e-05,0.0003824134040252,0.0006756681432738,0.0007479461565797,0.0001688040615459,0.0096398682975032,0.0,0.0,[],0,,False,STRANGLE,2024-12-17T09:15:00+05:30,2024-12-24T00:00:00,6.0,,,target_hit,6990.0,3.6166105058321194e-06,HOLD
2024-12-19,3,True,,gap_guard,23954.65,23961.95,0.0187061802197068,0.7317124889043506,-0.0266619519137449,-0.7388609599889815,-0.431697310439143,24250,24250,0.0,0.0002087077027752,0.0003402382920456,0.000334535050753,0.0004042664366564,0.0003657244721483,0.0001729367066037,0.0046214880441394,0.0,0.0,[],0,,False,,,,,,,,,,
2024-12-20,4,False,,,23927.45,23631.35,0.0176429163993655,0.742278574128753,-0.0413727369667928,-0.1176494307719189,-0.1485915134226478,23950,23950,0.0007686378805074,0.0010526761696989,0.0014493275671001,0.0012765076567427,0.0004907526402718,-0.0010335717576169,0.0005522270096183,0.02150752181305,-798675.0,-2244400.0,[],0,,False,,,,,,,,,,
2024-12-23,0,True,,premium_lt_min,23758.95,23747.2,0.0137190406141685,1.0,0.0178751100650707,0.2570114061152113,0.1293839572548562,23750,23750,-0.0002483886313785,-0.0006081227524182,-0.0006312546818055,-0.0004129188956736,-7.17378039439571e-05,0.0003838469269423,0.0001919326499277,0.0090675963327355,0.0,0.0,[],0,,False,,,,,,,,,,
2024-12-24,1,True,,premium_lt_min,23761.15,23730.35,0.006981985299533,0.1773767174604297,-0.0774846354577982,-0.0443233220913319,-0.1017488501444004,23950,23750,-0.0006359113009019,-0.0006506413765803,-0.0003138454279671,-0.0002187612126414,-0.0001397417288104,-0.0004249796677642,0.0002025583692017,0.006360925979857,0.0,0.0,[],0,,False,,,,,,,,,,
2024-12-27,4,False,,,23819.5,23832.45,0.034740443754067,0.8361788463636417,-0.0907009643578812,-0.1248610489540775,-0.0433212996389891,24000,24000,0.0001133037484657,-0.0001929768994065,7.763128079041337e-05,0.000490304723997,0.0004400212231321,0.000127637228804,0.0002710017001533,0.005362865654679,0.0,0.0,[],0,,False,,,,,,,,,,
2024-12-30,0,True,OPENED,,23782.65,23658.65,0.0318782810157825,0.3684869013200561,-0.0663785649977306,-0.166680994956442,-0.3864975079293158,24000,24000,-0.0001204488303784,3.59289536644436e-05,4.2268017270696845e-06,0.0002987418049571,0.000207709530266,-0.0003952745036427,0.000491960368289,0.0126279420930007,0.0,0.0,[],0,,True,STRANGLE,2024-12-30T09:15:00+05:30,2025-01-07T00:00:00,8.0,-1355.0,0.0,,,3.6166105058321134e-06,HOLD
2024-12-31,1,False,,,23551.35,23668.8,0.0326456869776042,0.3272430763013947,-0.0759595706218378,-0.4290056448111159,-0.6847290640394089,23750,23850,0.000422675706291,0.0004713063216337,0.0008245487181439,0.0007204579520638,0.0008763489961769,0.0010968978880049,0.0002471044355699,0.0095009519949676,0.0,0.0,[],0,,True,STRANGLE,2024-12-30T09:15:00+05:30,2025-01-07T00:00:00,7.0,-1275.0,0.0,,,3.6166105058321194e-06,HOLD
2025-01-01,2,False,,,23649.55,23758.7,0.0324847618665048,0.241403959675329,-0.0889197967007765,-0.3215458449103309,-0.3074204946996466,23750,23650,-0.000164123454504,-0.0003029550742871,3.998695162632515e-05,0.0002466915423424,0.0002075915805132,8.535318107064748e-05,0.0001844392385387,0.0105333422895429,0.0,0.0,[],0,,True,STRANGLE,2024-12-30T09:15:00+05:30,2025-01-07T00:00:00,6.0,-1985.0,0.0,,,3.6166105058321194e-06,HOLD
2025-01-02,3,False,,,23787.6,24167.95,0.0317371235433587,0.8091001344123359,-0.086765749788707,-0.0667635182771807,-0.4304470146920913,24000,24000,-4.5512752880227936e-05,-0.0003970625642382,-0.0005851435565975,-0.000591664093574,-0.0005972063449538,0.0001340780437877,0.0001239512684273,0.0190038412239075,0.0,0.0,[],0,,False,STRANGLE,2024-12-30T09:15:00+05:30,2025-01-07T00:00:00,5.0,,,hard_exit,3360.0,3.6166105058321194e-06,HOLD
2025-01-03,4,False,,,24152.65,23990.15,0.0297027448333826,0.5230042698704416,-0.1481583167971007,0.0746930927377606,-0.5276381909547738,24450,23850,0.0002188877168551,0.0001813573030711,-0.0002187919351208,-0.0003910746571329,-0.000963807035944,-0.0016399355689456,0.0002209671613379,0.0083083648153777,0.0,0.0,[],0,,False,,,,,,,,,,
2025-01-06,0,True,OPENED,,24039.65,23629.6,0.0285341092736375,0.3143949655474357,-0.1202264068341592,-0.1201173176909745,0.1938775510204081,24150,23750,0.0001989426410269,0.0001248590045561,0.0004297305822107,0.0004778867034315,0.0005342784540683,7.35599655707016e-05,0.0004524085471851,0.0222365211976545,-375775.0,-906925.0,[],0,,False,STRANGLE,2025-01-06T09:15:00+05:30,2025-01-14T00:00:00,8.0,,,weekly_stop,-7075.0,0.423388980787186,HOLD
2025-01-07,1,True,,gap_guard,23755.6,23694.6,0.030645405714863,0.4126069755997349,-0.103916425018877,0.0214451169394007,-0.0526315789473684,23750,23550,-0.0001265950982377,-0.0001835524358675,-0.00037968916114,-0.0003405867559833,-0.0004807720447666,-0.0006573956018484,0.0002690278626153,0.0065416613256058,0.0,0.0,[],0,,False,,,,,,,,,,
2025-01-08,2,True,OPENED,,23702.75,23675.2,0.0288827245783717,0.0902544184686244,-0.1173962890632417,-0.1871901989220546,-0.4007617435463394,24000,24000,-0.0004939439099249,-0.0007027733165623,-0.0007365153328142,-0.000592136180315,-0.0004852931646767,0.0002101130266782,0.0002471673493571,0.0092787328829188,0.0,0.0,[],0,,False,IRON_CONDOR,2025-01-08T09:15:00+05:30,2025-01-21T00:00:00,13.0,,,weekly_stop,175.0,3.6166105058321194e-06,HOLD
2025-01-09,3,True,OPENED,,23643.7,23557.2,0.0272609616938127,0.0814023967470797,-0.0923196271198046,-0.1278092297135014,-0.6807511737089202,23750,23550,8.27840927182244e-05,0.0005224061261674,0.0006562808627226,0.0008267940907657,0.0011558647538062,0.0011343391081588,0.0002052916196357,0.0060379400814783,0.0,0.0,[],0,,False,STRANGLE,2025-01-09T09:15:00+05:30,2025-01-21T00:00:00,12.0,,,hard_exit,-895.0000000000073,3.6166105058321194e-06,HOLD
2025-01-10,4,False,,,23572.05,23437.35,0.0273162495412999,0.0,-0.1168986424811044,-0.2766139899546735,-0.4929577464788732,23750,23250,-0.000219686466887,-5.973014772553409e-05,-0.0002111567550966,0.0001268682562175,0.0002543532764586,-0.0002770611774134,0.0002572072716413,0.0104445890078594,0.0,0.0,[],0,,False,,,,,,,,,,
2025-01-13,0,True,,gap_guard,23217.65,23088.7,0.0278064317448148,0.891548605447508,-0.0352703195209958,-0.769167603077189,-0.1516723549488054,23500,23000,-2.165556818756187e-06,-8.662170999929053e-06,-4.33093543874552e-05,1.5706424649741798e-05,-4.590389229178945e-05,-0.0006785927807601,0.0001942184955376,0.0124189671498287,0.0,0.0,[],0,,False,,,,,,,,,,
2025-01-14,1,True,OPENED,,23203.75,23206.85,0.0255562139740343,0.3893742009974466,-0.07436936213593,-0.2813011592775478,0.0077332875064444,23500,23000,-0.0006050583741372,0.000114203463166,0.0004224675120327,0.0006372909056088,0.0010928057711601,0.0012977576863137,0.0002327260154926,0.0054271196932441,0.0,0.0,[],0,,True,STRANGLE,2025-01-14T09:15:00+05:30,2025-01-21T00:00:00,7.0,2879.9999999999927,2879.9999999999927,,,3.6166105058321194e-06,HOLD
2025-01-15,2,False,,,23240.9,23228.1,0.0236286030231187,0.807586525627228,-0.0813893361651726,-0.304329389814697,-0.0866141732283464,23250,23250,0.0004974899371352,0.0005492055902667,0.0004328528881623,0.0006019193647493,0.0008689188987807,0.0010734490171903,0.0003092054985637,0.006077441764111,-949125.0,-1081625.0,[],0,,False,STRANGLE,2025-01-14T09:15:00+05:30,2025-01-21T00:00:00,6.0,,,target_hit,8000.0,0.423388980787186,HOLD
2025-01-16,3,True,OPENED,,23334.0,23350.8,0.0213872460786834,0.1392555082399172,-0.0744256465292285,-0.3573481509867791,-0.0091047040971168,23250,23250,0.0003277192666799,0.0011962491799903,0.0011254236416136,0.0012364367298655,0.0015432511398885,0.0016000494636018,0.0002204951862734,0.0031341452710586,0.0,0.0,[],0,,False,STRANGLE,2025-01-16T09:15:00+05:30,2025-01-28T00:00:00,12.0,,,hard_exit,-2274.9999999999927,3.6166105058321194e-06,HOLD
2025-01-17,4,False,,,23200.3,23203.1,0.0225859148373081,0.6624602573548831,0.0055652667066438,-0.1648072646404744,-0.2415764139590854,23500,23000,9.482390769322002e-05,7.758185963724351e-05,-3.0167472569231357e-05,-1.629632845295357e-05,-0.0001826522719234,-0.0001586084817399,0.0001338490778044,0.0069756496960242,0.0,0.0,[],0,,False,,,,,,,,,,
2025-01-20,0,True,OPENED,,23242.7,23337.05,0.0210840392897554,0.5671790648689622,-0.0043564522057413,-0.0744266551276503,0.3250239693192713,23250,23250,0.0,0.0002593116454501,8.356510149942764e-05,-0.0001029411541375,-0.0003335374170239,-0.0004006314212178,0.0001593642359485,0.0089279224194327,0.0,0.0,[],0,,True,STRANGLE,2025-01-20T09:15:00+05:30,2025-01-28T00:00:00,8.0,2329.9999999999927,2329.9999999999927,,,3.6166105058321194e-06,HOLD
2025-01-21,1,False,,,23391.05,23053.05,0.0194711225019826,0.1822313258973498,-0.0519908449624219,-0.0277822257806245,0.0788111784710927,23500,23500,0.0003840445752076,0.0005056116381816,0.0004469952588124,0.0007228530178795,0.000253796610464,-0.0014120526702137,0.0002443736484366,0.0188738858942199,-2000.0,-1625.0,[],0,,True,STRANGLE,2025-01-20T09:15:00+05:30,2025-01-28T00:00:00,7.0,2084.9999999999927,2329.9999999999927,,,3.6166105058321194e-06,HOLD
2025-01-22,2,False,,,23100.05,23161.75,0.0195605637217235,0.4768728189785702,-0.0598703682797111,-0.1480832253639204,-0.1197722793956645,23200,23000,0.0002418364019924,0.0001122666419104,0.0002850337829811,0.00031341603497,0.0009463383522768,0.0021071142681097,0.0002320773993876,0.0078173055547761,0.0,0.0,[],0,,False,STRANGLE,2025-01-20T09:15:00+05:30,2025-01-28T00:00:00,6.0,,,target_hit,9964.999999999993,3.6166105058321194e-06,HOLD
2025-01-23,3,True,OPENED,,23099.6,23216.3,0.0165479055914388,0.3318402745266376,-0.0046302060729181,-0.0086377142171133,-0.1352868166855539,23200,23000,0.0002520416450348,0.0003770324743457,0.0004610955976143,0.0003892972087347,0.0001466406195741,-0.0002024427681349,0.0001929339986733,0.007211807077714,0.0,0.0,[],0,,False,STRANGLE,2025-01-23T09:15:00+05:30,2025-02-04T00:00:00,12.0,,,hard_exit,220.0,3.6166105058321194e-06,HOLD
2025-01-24,4,False,,,23236.3,23090.35,0.0162224622680891,1.0,0.0151848571613615,0.0734095499134449,-0.0177052837027742,23250,23250,0.0001017844767843,9.961863388197044e-05,-4.330794765916579e-06,1.11869286365937e-05,-0.0001927117219258,-0.0011177459462224,0.0002225918522784,0.0122872434981698,0.0,0.0,[],0,,False,,,,,,,,,,
2025-01-27,0,True,,premium_lt_min,22943.05,22816.85,0.0151244058658286,0.9455051400092448,0.0304590754927507,-0.3689193316172942,-0.1930724551659812,23250,23250,-2.8486906979319215e-05,-0.0003045066991473,-0.0002147074610843,-0.0003844027175668,-0.0004179584925098,-0.0006895689803708,0.000166876428894,0.0090681852761535,0.0,0.0,[],0,,False,,,,,,,,,,
2025-01-28,1,True,,premium_lt_min,22936.15,22976.3,0.0121860033179064,0.0522532281744085,-0.0259695988267931,0.3138531415594247,0.0909228901032179,23250,22850,-7.615963930795999e-05,-0.0001240254752679,0.0001675920504777,0.0002307780048532,-0.0005500899903925,-0.0014874456823089,0.0003201471119123,0.0117212237796246,0.0,0.0,[],0,,False,,,,,,,,,,
2025-01-29,2,True,,premium_lt_min,23037.5,23176.2,0.0114791101465002,0.0,-0.0911825414447249,0.0329243706296326,0.2441132194695857,23250,22950,0.0002352103406233,4.96223309118804e-05,-3.235973672122139e-05,0.0004383765329027,0.0008602343143221,0.0011410669506298,0.0001420606499395,0.0082711487059341,1754650.0,218300.0,[],0,,False,,,,,,,,,,
2025-01-30,3,True,,premium_lt_min,23145.7,23297.95,0.0125725296707379,0.9513646641094669,-0.0565389447993299,0.0476298053390564,-0.0420271716457165,23150,23050,-0.0005791145552936,0.0003456433904824,0.0007259122762934,0.0011807447124963,0.0025889373605179,0.0032427812869161,0.0002858320764226,0.007187455091811,-967400.0,-679525.0,[],0,,False,,,,,,,,,,
2025-01-31,4,False,,,23285.7,23533.85,0.0392622940259472,0.9165260702455348,-0.0360591584933341,-0.1275857797596928,0.1776223776223776,23500,23000,-0.0001295837599685,0.0005229247222227,0.0005356858160172,0.0007131604391836,0.0013879181487472,0.0019169143633001,0.0002001067261417,0.0106726034439539,0.0,0.0,[],0,,False,,,,,,,,,,
2025-02-01,5,False,,,23522.2,23495.3,0.0338595029376503,0.9525784406010932,-0.0977161767910758,-0.0698180931140228,-0.03125,23500,23500,0.0004002401440863,0.0006899753397702,0.001013995696909,0.0006233171683448,0.0003752178555042,0.0004010788224079,0.0001948944086826,0.0122498555790906,0.0,0.0,[],0,,False,,,,,,,,,,
2025-02-03,0,True,,gap_guard,23271.85,23359.7,0.0305497843961696,1.0,-0.0735708092797575,-0.0798806761683791,-0.7391304347826086,23250,23250,0.0001776879585366,0.0001969591224186,0.000184111597318,0.0001109670326057,0.0002354481381784,0.0005562666069794,0.000150662700619,0.0064212804914569,0.0,-75.0,[],0,,False,,,,,,,,,,
2025-02-04,1,True,,gap_guard,23495.7,23707.7,0.0271624169528892,0.2556306457530767,-0.1571740439015189,-0.0097355241191459,-0.0200210748155953,23500,23500,0.0001096810391014,-7.381023178520962e-05,-0.0005964964789845,-0.0006892203952652,-0.0005271300726528,0.0002911816956532,0.0002222855058347,0.0138531382135723,0.0,0.0,[],0,,False,,,,,,,,,,
2025-02-05,2,True,OPENED,,23768.1,23686.75,0.0264177616216693,0.3845403036260115,-0.1349673449397226,0.176957163958641,0.06,23750,23550,-6.332253332352877e-05,-0.0001941636926556,-0.0004578522719599,-0.0003904859488771,-0.0008988531502941,-0.0014292992635332,9.825172797300752e-05,0.0047378826812003,0.0,0.0,[],0,,True,STRANGLE,2025-02-05T09:15:00+05:30,2025-02-18T00:00:00,13.0,1310.0000000000073,1310.0000000000073,,,3.6166105058321194e-06,HOLD
2025-02-06,3,False,,,23723.65,23628.05,0.0260267707540787,0.0171832930830678,-0.1138415228337572,0.1214231063504208,0.2656826568265683,24000,23500,4.232275758075943e-06,0.0005038924634199,0.0004742376735253,0.0005997062518228,0.0011655438805742,0.001453028031817,0.0002416371190198,0.0071423755667548,0.0,0.0,[],0,,False,STRANGLE,2025-02-05T09:15:00+05:30,2025-02-18T00:00:00,12.0,,,hard_exit,2530.0,3.6166105058321194e-06,HOLD
2025-02-07,4,False,,,23610.4,23563.15,0.0260690204316741,0.9091239397771268,-0.0683482461768335,0.0186766100807902,-0.0946930280957336,23500,23500,-0.0002100296587335,-0.0001803338509975,-0.000246086482427,1.735789632214253e-06,0.0010457669747808,0.0014707392222069,0.0003469017117825,0.0100371511799721,0.0,0.0,[],0,,False,,,,,,,,,,
2025-02-10,0,True,OPENED,,23477.85,23376.05,0.0242441279759432,0.9129054252955702,-0.045541321729053,-0.1239345729899099,0.0014402304368698,23500,23500,-3.8499462077012936e-05,-0.0003570756572758,-0.0002352282034339,-0.0001964591791037,-3.847414225092023e-05,0.0002789750821652,0.0001199540804126,0.0075987130491034,0.0,0.0,[],0,,True,STRANGLE,2025-02-10T09:15:00+05:30,2025-02-18T00:00:00,8.0,1190.0000000000146,1190.0000000000146,,,3.6166105058321194e-06,HOLD
2025-02-11,1,False,,,23347.45,23070.5,0.0244459245013909,0.7867750372762009,-0.0366441884627703,-0.1221551323734324,0.0652173913043478,23550,23350,0.0003208588611245,7.802780390742114e-05,8.236303893616181e-05,2.8347961607261637e-05,0.0002701799712613,0.0001385677320669,0.0002761139611855,0.015850489535038,0.0,0.0,[],0,,True,STRANGLE,2025-02-10T09:15:00+05:30,2025-02-18T00:00:00,7.0,1130.0,1190.0000000000146,,,3.6166105058321194e-06,HOLD
2025-02-12,2,False,,,23042.9,23057.8,0.0243675926207204,0.7437913587584428,-0.0046511975689406,-0.2802881466928618,-0.5161290322580645,23350,22850,0.0001322937789391,8.674606823455555e-05,-6.505348480789763e-06,0.0003831015393794,0.0011217294629812,0.0013439788557339,0.000197064925098,0.0140063105117565,75.0,2400.0,[],0,,True,STRANGLE,2025-02-10T09:15:00+05:30,2025-02-18T00:00:00,6.0,4855.000000000007,4855.000000000007,,,3.6166105058321194e-06,HOLD
2025-02-13,3,False,,,23097.3,23019.4,0.0225913851402544,0.6255243748828192,-0.0247365643883214,-0.1204273227581741,-0.0202117420596727,23000,23000,-5.864274621802945e-05,-0.0001476796914362,-0.000191106594046,-0.0003151384677003,-0.0005967521266683,-0.0014101623410532,0.0001700168397092,0.0100326675016462,0.0,0.0,[],0,,False,STRANGLE,2025-02-10T09:15:00+05:30,2025-02-18T00:00:00,5.0,,,target_hit,6265.000000000007,3.6166105058321194e-06,HOLD
2025-02-14,4,False,,,23113.95,22897.25,0.0210587112977228,0.3085568324025796,-0.0054201351240949,-0.1131228434682595,-0.0290697674418604,23000,23000,-0.000257606486444,-0.0008007645446769,-0.0010492424077167,-0.0010363199277352,-0.0008504948656758,4.079114571733858e-05,0.0003282909311185,0.0150932055711462,0.0,0.0,[],0,,False,,,,,,,,,,
2025-02-17,0,True,,gap_guard,22753.55,22963.5,0.0223195940853185,1.0,0.0755634247519529,-0.5826645264847512,-0.5700197238658777,23050,22850,-4.136828881162735e-05,-0.0003678399091066,-0.0001502158536506,5.412745994126775e-05,0.0007585886798117,0.0016088704642151,0.0001860948078504,0.0102515660300973,0.0,0.0,[],0,,False,,,,,,,,,,
2025-02-18,1,True,OPENED,,22956.1,22923.15,0.0205544495798502,0.7469578688290277,-0.0238137244291348,-0.1260938172428632,-0.2691622103386809,23250,22850,-0.0001286743057038,-0.0003902826169429,-0.0004207946696433,-0.0005601208122767,-0.0006883873478906,-0.0003289883700046,0.0001403038637939,0.0072468184964756,1212600.0,1563225.0,[],0,,True,STRANGLE,2025-02-18T09:15:00+05:30,2025-02-25T00:00:00,7.0,4405.000000000007,4405.000000000007,,,3.6166105058321194e-06,HOLD
2025-02-19,2,False,,,22828.55,22914.4,0.0189017699328253,0.9523453805813922,0.0276566634878933,-0.1479206049149338,-0.0669144981412639,23150,22850,-0.0002901263249283,-0.0007217319823208,-0.0005299532637923,-0.0005927605241292,-0.00043033392192,-0.0004297878914199,0.0001668432229675,0.0097943086714882,0.0,0.0,[],0,,False,STRANGLE,2025-02-18T09:15:00+05:30,2025-02-25T00:00:00,6.0,,,target_hit,8570.0,3.6166105058321194e-06,HOLD
2025-02-20,3,True,OPENED,,22860.6,22906.25,0.0169439997200423,1.0,0.0008974973846365,-0.1779881410589826,0.0632530120481927,22950,22850,0.0,-0.0003098630274489,-0.0004930719034101,-0.0002891293822029,-0.0002199410735224,-6.882797049969963e-05,0.000121669477822,0.0041624307897709,0.0,0.0,[],0,,False,STRANGLE,2025-02-20T09:15:00+05:30,2025-03-04T00:00:00,12.0,,,hard_exit,5910.0,3.6166105058321194e-06,HOLD
2025-02-21,4,False,,,22885.7,22764.35,0.0139825305758617,0.340020511728349,-0.0500205500037118,-0.0094023712076264,-0.0662154619034328,23000,23000,-0.0005795179903018,-0.0008646399564607,-0.0011999982449751,-0.0010680779733879,-0.0010649117800965,-0.0008725876274903,0.0001708300263817,0.008542943781496,-3749325.0,-3890025.0,[],0,,False,,,,,,,,,,
2025-02-24,0,True,,premium_lt_min,22665.3,22548.85,0.0123647161078829,1.0,0.1180069764071197,-0.5358138010162269,-0.2187175331421684,22850,22750,-3.9911750684629155e-05,-6.652179697641536e-06,-9.090546275325462e-05,-0.0001330892961007,-0.0003048633729953,-0.0003742007398764,0.0002098521068365,0.0062761137068558,0.0,0.0,[],0,,False,,,,,,,,,,
2025-02-25,1,True,,premium_lt_min,22560.45,22526.3,0.0089958312001755,1.0,0.0941989970221291,-0.3530942741469057,-0.1199616888817942,22850,22550,0.0,0.0001620590827455,-0.0001575687365872,-0.000466780865363,-0.0011336731524521,-0.001612072506622,0.0001290412657029,0.0044425976597898,0.0,0.0,[],0,,False,,,,,,,,,,
2025-02-27,3,True,,premium_lt_min,22584.6,22510.85,0.0033828360918501,0.0481632551203071,-0.0282391533059168,-0.056823745302258,0.0965151758471174,22700,22600,-0.0006636834207885,-0.000741314523772,-0.0011846895514374,-0.0010864089786905,-0.0013755434817903,-0.0014168600668963,0.0001950192436558,0.0037352983481042,-13302225.0,1753800.0,[],0,,False,,,,,,,,,,
2025-02-28,4,False,,,22348.45,22127.4,0.0298432329758887,0.879238345044909,-0.0056220018814883,-0.2461799660441426,-0.5,22550,22550,0.0006127381708749,0.0005742786472346,0.000766605835702,0.0002510242677366,-0.0001777102793863,-0.0005091169002436,0.0002354050911533,0.0107904575037643,-105000.0,-538500.0,[],0,,False,,,,,,,,,,
2025-03-03,0,True,OPENED,,22219.35,22143.15,0.0286146984497746,0.401265544891696,-0.032288451054803,-0.4877711561382598,-0.016338028169014,22500,22000,0.0004472908407036,0.0005603063610588,0.0007637986554431,0.0008217462391146,0.0009367869997979,0.0010579513169631,0.0001731082744723,0.0111217210582486,0.0,0.0,[],0,,True,STRANGLE,2025-03-03T09:15:00+05:30,2025-03-11T00:00:00,8.0,3144.9999999999927,3144.9999999999927,,,3.6166105058321194e-06,HOLD
2025-03-04,1,False,,,21985.55,22080.3,0.0276522534119,0.7925432608566053,-0.0087163977494991,-0.5357169938842458,-0.4679012345679012,22000,22000,0.0004553641213851,0.0003737758839799,0.000167598271473,1.9571090792938976e-05,-0.0001316583902808,-2.7835029264000416e-05,0.0002098043768682,0.0061346223882048,479625.0,724725.0,[],0,,True,STRANGLE,2025-03-03T09:15:00+05:30,2025-03-11T00:00:00,7.0,4879.999999999993,4879.999999999993,,,3.6166105058321194e-06,HOLD
2025-03-05,2,False,,,22126.9,22346.65,0.0258599261532343,0.3719305045946026,-0.0859580500089778,-0.1671631909963588,-0.5275590551181102,22250,22250,4.251377222463937e-05,0.000436497454884,0.0006470477606326,0.0004384825898791,0.0005459111953928,0.0006054332412274,0.0001705945846546,0.0118638769175803,0.0,0.0,[],0,,False,STRANGLE,2025-03-03T09:15:00+05:30,2025-03-11T00:00:00,6.0,,,target_hit,6394.999999999993,3.6166105058321194e-06,HOLD
2025-03-06,3,True,OPENED,,22451.95,22529.2,0.0245323902823585,0.2577104038943884,-0.0870314684553339,0.0373109243697479,0.0532544378698224,22750,22250,0.0001487180283985,-0.0001908269909245,-0.0006298961115005,-0.0004236967964624,-0.0003131620769133,0.0002958777239916,0.0001684723996984,0.0132646636278179,0.0,0.0,[],0,,False,STRANGLE,2025-03-06T09:15:00+05:30,2025-03-18T00:00:00,12.0,,,hard_exit,-380.0000000000073,3.6166105058321194e-06,HOLD
2025-03-07,4,False,,,22479.95,22536.95,0.024704236441807,0.8964355269510214,-0.0430223968975555,-0.078572423075138,-0.3423753665689149,22500,22500,4.88111165100058e-05,-2.6622237110918157e-05,-0.0001774548100235,-0.0004003919459459,-0.0009630503814294,-0.0011279077899824,0.0001936117502696,0.0067719840919133,0.0,0.0,[],0,,False,,,,,,,,,,
2025-03-10,0,True,OPENED,,22560.9,22441.1,0.0234565110434424,0.61526938500766,-0.0909319984886995,0.021841869970622,0.3586497890295358,22550,22550,-5.569826689277857e-05,-0.0006034384860152,-0.0003964365256124,-0.0005509457401147,-0.0009862442911981,-0.0020131906746754,0.0001404258029451,0.010502895297402,-975.0,1575.0,[],0,,True,STRANGLE,2025-03-10T09:15:00+05:30,2025-03-18T00:00:00,8.0,1640.0000000000146,1640.0000000000146,,,3.6166105058321194e-06,HOLD
2025-03-11,1,False,,,22344.4,22520.5,0.0233414188790032,0.5655650304070133,-0.089881595147105,-0.2708739969637823,-0.6666666666666666,22550,22550,0.0003531363617181,0.0005331319279382,0.0010579329412758,0.0007980729265255,0.0009868491391212,0.0012602420561333,0.000176522408569,0.0089429630780844,0.0,0.0,[],0,,True,STRANGLE,2025-03-10T09:15:00+05:30,2025-03-18T00:00:00,7.0,2885.0000000000073,2885.0000000000073,,,3.6166105058321194e-06,HOLD
2025-03-12,2,False,,,22545.9,22468.5,0.0216624752172235,0.8683072970884345,-0.0814021732993071,0.0484058645566674,0.3873873873873873,22550,22550,-8.45556821419402e-05,0.00042522023514,0.0002893776155283,0.0001201924840372,0.0001899736936197,0.0007058803956536,0.000225061091377,0.0101938176855314,0.0,0.0,[],0,,False,STRANGLE,2025-03-10T09:15:00+05:30,2025-03-18T00:00:00,6.0,,,target_hit,6290.000000000007,3.6166105058321194e-06,HOLD
2025-03-13,3,True,OPENED,,22503.65,22383.3,0.0197812354884652,0.6742844471935143,-0.1162713420706737,-0.0673360080637192,0.0196078431372549,22500,22500,-0.0006116890654999,-0.0006228443224056,-0.000874886733414,-0.0006513112110512,-0.000731828364934,-0.0010969217488867,0.0003582688540439,0.0077807728457677,0.0,0.0,[],0,,False,STRANGLE,2025-03-13T09:15:00+05:30,2025-03-25T00:00:00,12.0,,,hard_exit,2365.0,3.6166105058321134e-06,HOLD
2025-03-17,0,True,OPENED,,22480.3,22515.25,0.018106964764705,0.9464087798734204,0.0536789401900699,-0.0366775069075971,0.1052010723860589,22500,22500,2.664931500140355e-05,0.0002110126385463,9.994225558562776e-05,0.0001226749901779,0.0002324275332171,0.0004391218896615,0.0001376395298943,0.0057606697526078,0.0,0.0,[],0,,True,STRANGLE,2025-03-17T09:15:00+05:30,2025-03-25T00:00:00,8.0,2144.9999999999927,2144.9999999999927,,,3.6166105058321194e-06,HOLD
2025-03-18,1,False,,,22613.25,22848.75,0.016906017489746,0.6879868900608455,0.0299092607407117,0.0098101265822784,-0.1305314204889876,22500,22500,0.0,6.784201127496559e-05,-4.376415496887276e-05,0.0002305620393569,0.000969878037414,0.0017481936871633,0.0001737399013181,0.0108221983041503,0.0,0.0,[],0,,True,STRANGLE,2025-03-17T09:15:00+05:30,2025-03-25T00:00:00,7.0,5494.999999999993,5494.999999999993,,,3.6166105058321194e-06,HOLD
2025-03-19,2,False,,,22841.45,22911.8,0.0152485941128956,0.7479264882757721,0.0533414237730268,0.2255012853470437,-0.1303896103896104,22850,22650,-4.364372752352352e-05,0.0001375026463801,0.0003340006068768,0.0001725644286183,-7.612086808965135e-05,-0.0001726210851923,0.0001399858894539,0.0054605856886877,0.0,0.0,[],0,,False,STRANGLE,2025-03-17T09:15:00+05:30,2025-03-25T00:00:00,6.0,,,target_hit,6954.999999999993,3.6166105058321194e-06,HOLD
2025-03-20,3,True,,premium_lt_min,23007.85,23165.7,0.0138431013762694,0.8838523957390774,-0.0452654715686408,0.2419152179286479,0.1140987935898205,23000,22700,-0.00029129418771,-0.000716063548483,-0.0007634773156655,-0.0007778667883601,-0.0010345757471664,-0.0007914673322531,0.0001335928612536,0.0102612261777577,0.0,0.0,[],0,,False,,,,,,,,,,
2025-03-21,4,False,,,23156.2,23355.65,0.0118434803637902,0.7717584978401087,-0.0219896438126138,-0.1429392704086965,-0.3048862565621214,23250,23150,-0.0002461325091818,-0.0001862157534245,-0.0001883557612247,8.964105558221853e-06,0.000142888798781,0.0001883580615668,0.0001997455654267,0.0104272613054589,0.0,0.0,[],0,,False,,,,,,,,,,
2025-03-24,0,True,,premium_lt_min,23489.0,23674.15,0.0105347183788156,0.0,-0.0867046414814853,0.4721362929876714,0.4279884982043358,23600,23200,-0.0001309273669872,0.0001351868006986,1.0560152742034036e-05,0.0003183641129685,0.0003848240063012,0.0004506637322451,0.0001671264831775,0.0111625552379846,-3652650.0,-648825.0,[],0,,False,,,,,,,,,,
2025-03-25,1,True,,premium_lt_min,23762.75,23605.95,0.0116358586443067,0.4730672397707758,-0.0038347957078961,0.5115015661707126,0.2545239035954168,24050,23650,-0.0002287035684108,-0.0008592137982117,-0.0019026719856919,-0.0018632671433852,-0.0027491503116903,-0.0033229142845328,0.0003943594278074,0.0108817484543685,0.0,0.0,[],0,,False,,,,,,,,,,
2025-03-26,2,True,,premium_lt_min,23685.85,23464.3,0.0088512761838819,0.2931856887806754,-0.0056441120511164,0.1255326656352631,-0.1555789898808589,24000,23500,-0.0003344388988653,-0.0005409549772117,-0.0006750382770127,-0.0007491903375243,-0.0013043218921549,-0.0021102519100559,0.0002286969914605,0.0113102337911936,0.0,0.0,[],0,,False,,,,,,,,,,
2025-03-27,3,True,,premium_lt_min,23452.7,23601.05,0.0058287531925961,0.0641383995541057,0.0389939668821459,-0.3809003018504746,-0.2212306546827634,23750,23450,5.296655056397093e-05,0.0004111676525506,0.0006826387166392,0.0003171392103392,0.0002138993886574,0.0001302472107166,0.0001834068776562,0.0075930931852677,0.0,0.0,[],0,,False,,,,,,,,,,
2025-03-28,4,False,,,23590.95,23495.15,0.02940534399844,1.0,-0.0011107610866471,0.1388888888888889,-0.925925925925926,23500,23500,0.0001340882002385,4.6820365156463595e-05,-0.0002319089725367,-0.0008901694569921,-0.0014154144651108,-0.001512677044953,0.0005277832199186,0.0071850537345569,0.0,0.0,[],0,,False,,,,,,,,,,
2025-04-01,1,True,OPENED,,23420.45,23179.7,0.0284836542423394,0.1380908552769771,-0.0846325908959746,-0.5225409836065574,-0.2142857142857142,23500,23500,1.5099646884175756e-05,0.0004272803390621,0.0008657298361589,0.0004270375554119,-8.536490344963069e-05,-0.0015500583936585,0.0003055023278043,0.0169292124476005,0.0,0.0,[],0,,True,STRANGLE,2025-04-01T09:16:00+05:30,2025-04-08T00:00:00,7.0,-2770.0,0.0,,,0.423388980787186,HOLD
2025-04-02,2,False,,,23204.8,23330.8,0.0301209232572571,0.7182509599834592,-0.0341207114530206,-0.1396140749148694,-0.25,23500,23500,-0.0003727586280768,-0.000368475624909,0.0005317689035266,0.0005887990427833,0.0011619712376601,0.0017516785920203,0.0003665017323204,0.0072904842474995,75.0,0.0,[],0,,True,STRANGLE,2025-04-01T09:16:00+05:30,2025-04-08T00:00:00,6.0,-1830.0,0.0,,,0.423388980787186,HOLD
2025-04-03,3,False,,,23192.2,23249.7,0.0292080958253205,0.6668867344418805,-0.0574566782486615,-0.1819012797074954,-0.1666666666666666,23500,23500,-0.0001526668315181,-0.0001118168955328,2.7958131622707327e-05,-0.0002465323182017,-0.0005436369317948,-0.0004394326515728,0.0003250929271561,0.0047611588991188,0.0,0.0,[],0,,False,STRANGLE,2025-04-01T09:16:00+05:30,2025-04-08T00:00:00,5.0,,,hard_exit,840.0,0.423388980787186,HOLD
2025-04-04,4,False,,,23124.2,22912.05,0.0291383053251571,0.431116456044661,-0.1074053328839143,-0.7379576107899807,-0.9294117647058824,23300,23000,-0.0001178280365267,0.0003405481515439,0.0001746111083222,0.0002973026400956,0.0004072610577937,-0.0001672095597251,0.0002045309873408,0.0117941502570851,0.0,0.0,[],0,,False,,,,,,,,,,
2025-04-07,0,True,,gap_guard,21971.2,22223.05,0.043795969268861,0.3009821036828725,0.0387954177201289,-0.9349057846883648,-0.3796296296296296,22000,22000,0.0009300796310307,0.0022323894910829,0.0017309265640881,0.004061277022884,0.0067519650068459,0.0084094842790025,0.0012343774622629,0.0182760692164215,450.0,-1425.0,[],0,,False,,,,,,,,,,
2025-04-08,1,True,,gap_guard,22510.85,22552.25,0.0400273645819682,0.4189185662819082,-0.043588973277403,-0.3618599343888176,-0.1601423487544484,22500,22500,0.0006344853901973,0.0013120096613639,0.0012164342936802,-1.6930613082789616e-05,-0.0006155906865498,0.0001160298237991,0.000955904032503,0.0175406504960925,0.0,0.0,[],0,,False,,,,,,,,,,
2025-04-09,2,True,,gap_guard,22409.7,22420.4,0.0413035426623292,0.4287100561920201,-0.0075618906924621,-0.5210355987055016,-0.696969696969697,22500,22500,0.0004417572120212,0.0007454125880992,0.0007923169803571,0.0007397612390994,0.0007814259212344,0.0007204528220538,0.000163152296668,0.0036949680281699,-225.0,0.0,[],0,,False,,,,,,,,,,
2025-04-11,4,False,,,22715.95,22844.5,0.0377091867168223,0.9860763001466522,0.0256089470877578,-0.0294310006540222,0.1428571428571428,23000,22500,-0.0003456967320719,0.000558432884032,0.0005628152148442,0.00061928172103,0.0009421462954903,0.0008068618944776,0.000269129826127,0.0090388973592198,0.0,0.0,[],0,,False,,,,,,,,,,
2025-04-15,1,True,,gap_guard,23257.05,23344.1,0.027497038532402,0.930972142259088,-0.0058126808020334,0.4881889763779528,-0.902439024390244,23350,23350,-0.0003639851665339,-0.0004303303695489,3.2129064594377255e-05,0.0003016305649579,0.0006491181722678,0.0007716826889828,0.0001697248256649,0.0041577192918604,0.0,0.0,[],0,,False,,,,,,,,,,
2025-04-16,2,True,OPENED,,23292.35,23433.3,0.0227993311108582,0.3193627544253558,-0.1051604583694604,-0.0917753828701077,-0.5843828715365239,23500,23000,-0.0005672464237884,-0.0006439671789973,-0.0007270680394961,-0.0002826196995826,0.0001499630268479,0.0009580559186692,0.0001857928869879,0.0074817646644931,0.0,0.0,[],0,,True,STRANGLE,2025-04-16T09:15:00+05:30,2025-04-29T00:00:00,13.0,-695.0000000000073,0.0,,,3.6166105058321194e-06,HOLD
2025-04-17,3,False,,,23377.45,23837.75,0.0220960797691792,0.6821268072733765,-0.0571772819746594,0.1409535706849885,0.2104208416833667,23500,23300,-0.0001782568576461,-0.0008948367708756,-0.0005827689069729,-0.0004893753047255,-0.0004982529457929,0.0001357042429558,0.0001827064867954,0.0237272797732639,0.0,0.0,[],0,,False,STRANGLE,2025-04-16T09:15:00+05:30,2025-04-29T00:00:00,12.0,,,hard_exit,1104.9999999999927,3.6166105058321194e-06,HOLD
2025-04-21,0,True,,gap_guard,23983.6,24121.2,0.0198281325572474,0.1240386864077457,-0.1382385806813462,0.5300780266800906,0.4571428571428571,24100,23800,-6.425469732929123e-05,-0.0003419058453466,-0.0001865230853405,-0.0002220254183026,-0.0003989904763009,-0.0006297153501737,0.000195086846373,0.0115716385299596,0.0,0.0,[],0,,False,,,,,,,,,,
2025-04-22,1,True,OPENED,,24139.85,24134.05,0.0180013546065944,0.4542695461915871,-0.0736597848581363,0.1855345911949685,0.1749298409728718,24150,23850,-0.0011361049603708,-0.001293176579641,-0.001328304260298,-0.0011641290432194,-0.0013534827956313,-0.0015588811681506,0.0002856920551349,0.00627034251746,0.0,0.0,[],0,,True,STRANGLE,2025-04-22T09:15:00+05:30,2025-04-29T00:00:00,7.0,3229.9999999999927,3229.9999999999927,,,3.6166105058321194e-06,HOLD
2025-04-23,2,False,,,24291.8,24300.85,0.0160156925382227,0.0082065994948808,-0.077742127853731,0.428863386260022,0.345372460496614,24500,24000,-0.0007278394476644,-0.0010420863102335,-0.0010092331472454,-0.0008935225255231,-0.0007244526775418,-0.0001928464308146,0.0002308439149304,0.0092302258581851,0.0,0.0,[],0,,True,STRANGLE,2025-04-22T09:15:00+05:30,2025-04-29T00:00:00,6.0,3609.9999999999854,3609.9999999999854,,,3.6166105058321194e-06,HOLD
2025-04-24,3,False,,,24279.15,24245.05,0.0155256670847208,0.2355302302400025,-0.0227088184903947,0.0024396507447354,-0.0693416927899686,24500,24000,6.187212681307841e-05,-0.0001793858817126,-0.0001752627910909,-0.0001189310407006,-2.4038031545709972e-05,-6.72622359960764e-05,9.552640082021096e-05,0.0051015692870742,0.0,0.0,[],0,,False,STRANGLE,2025-04-22T09:15:00+05:30,2025-04-29T00:00:00,5.0,,,hard_exit,4579.999999999993,3.6166105058321194e-06,HOLD
2025-04-25,4,False,,,24342.3,23991.65,0.0148383677795442,0.3244720294557628,-0.0224198940243067,0.3577221541513507,0.1932481347418187,24250,24250,-0.0002208614011364,-0.000152113122153,-0.0004166380228025,-0.001281957039782,-0.0022861073309742,-0.0026514909940906,0.0002932237669315,0.0207981377743201,0.0,0.0,[],0,,False,,,,,,,,,,
2025-04-28,0,True,,premium_lt_min,24112.9,24312.9,0.0120931119857006,1.0,-0.0131780016427745,0.1748358298639426,0.1424666520883446,24300,24000,-0.0002672763308305,-0.0005035940168919,-0.0003926413663096,-0.000442016071359,-0.0002484976121742,-0.0001926877793256,0.0001422184446865,0.0107635951475527,0.0,0.0,[],0,,False,,,,,,,,,,
2025-04-29,1,True,,premium_lt_min,24419.55,24325.45,0.0071909597023696,0.7443735463844113,-0.0253226522470994,0.4658176334865468,0.4434206334034283,24500,24200,0.0001233428375841,-0.0003513602367057,-0.0003143865763095,-0.0002307496065623,-0.0004701801547926,-0.0007232214489907,0.000373089510375,0.0063548665437132,647925.0,-7426800.0,[],0,,False,,,,,,,,,,
2025-04-30,2,True,,premium_lt_min,24277.6,24246.25,0.0038224536197976,0.022720000746764,-0.1585712270494005,-0.1476282460930691,-0.0042874292574172,24500,24300,0.000115495113113,-0.0013509589543247,-0.0012028613269785,-0.0022874541384056,-0.0033738319250727,-0.0037282527481504,0.000571935213826,0.0061634513687903,0.0,0.0,[],0,,False,,,,,,,,,,
2025-05-02,4,False,,,24431.25,24313.65,0.0349941161422358,0.3939192829745825,-0.1027136061882149,-0.178337357709555,0.0909090909090909,24350,24350,-2.6733239287035637e-05,-0.0004768707413078,-0.0008013759007773,-0.0008037227007773,-0.0011758899056887,-0.0013548545628471,0.0004375373383959,0.0138649343464748,0.0,0.0,[],0,,False,,,,,,,,,,
2025-05-05,0,True,,gap_guard,24450.65,24459.5,0.0337761981787805,0.3598981240636971,-0.1061848944826711,-0.104129263913824,-0.0086206896551724,24350,24350,-0.0002329839935909,-0.0004842397334025,-0.0005700054548909,-0.0002866343001859,-0.0003471868247451,-0.0003901559571767,0.0001813304939909,0.004685464254475,0.0,0.0,[],0,,False,,,,,,,,,,
2025-05-06,1,True,OPENED,,24456.95,24335.9,0.0330642210087521,1.0,-0.0726553658554289,-0.1190123456790123,0.1304347826086956,24550,24250,-0.0007883359132172,-0.0012640201586591,-0.0013234488461372,-0.0013282697757307,-0.0016198637381589,-0.0017920109182706,0.0002475511038361,0.0059351665768017,0.0,0.0,[],0,,True,STRANGLE,2025-05-06T09:15:00+05:30,2025-05-13T00:00:00,7.0,885.0000000000146,885.0000000000146,,,3.6166105058321194e-06,HOLD
2025-05-07,2,False,,,24344.05,24409.3,0.0331990773926277,0.6743429077247981,-0.0853611619526651,-0.1858576206402293,-0.515625,24450,24450,-0.0002866937250934,-0.0002416527409155,-0.0001228888715933,-0.0001191889754723,7.02871950124603e-06,0.000306730718803,0.0001914127736273,0.0066180064584871,0.0,0.0,[],0,,False,STRANGLE,2025-05-06T09:15:00+05:30,2025-05-13T00:00:00,6.0,,,ml_exit,2765.0000000000146,0.9993240572491429,EXIT
2025-05-08,3,True,OPENED,,24437.25,24154.1,0.0307235879650942,0.0917026187221941,-0.0960879229849313,-0.15807962529274,-0.1111111111111111,24450,24450,-0.0007053863800441,-0.0024057970415923,-0.0024634763305972,-0.0035008538676965,-0.0049988191841124,-0.0061580228392325,0.0003828599092004,0.0115868193024993,0.0,0.0,[],0,,False,STRANGLE,2025-05-08T09:15:00+05:30,2025-05-20T00:00:00,12.0,,,weekly_stop,-21240.0,3.6166105058321134e-06,HOLD
2025-05-09,4,False,,,24125.25,24038.65,0.0369592024953109,0.3896007235590057,-0.1292180529004339,-0.4168207024029575,-0.3714285714285714,24450,24250,0.0001227340996934,-0.0001663710115149,0.0006910317812176,0.0008215695033387,0.0012258220602056,0.0014026233134285,0.0002978384026111,0.007585094109435,0.0,0.0,[],0,,False,,,,,,,,,,
2025-05-12,0,True,,gap_guard,24514.05,24920.25,0.0256036844177114,0.1517791508295725,-0.0738717424965011,0.2703575849679451,0.1977454203851573,24500,24500,-0.0003590167353946,-0.0001083338850337,-0.0005514558434266,-0.0002012530191083,0.000399359430974,0.0013725932756348,0.0002731437114744,0.0171440141289771,998550.0,443475.0,[],0,,False,,,,,,,,,,
2025-05-13,1,True,OPENED,,24956.95,24593.65,0.0272509260947351,0.2525356986849983,-0.0660566178771852,0.1285507944150216,-0.0947368421052631,24750,24650,5.692850389871218e-05,0.0006286058376936,0.0011153513458506,0.0005787309444679,0.0003395472688209,-9.129782141110736e-05,0.0002844058301315,0.0160930085352638,0.0,0.0,[],0,,True,STRANGLE,2025-05-13T09:15:00+05:30,2025-05-20T00:00:00,7.0,1209.9999999999854,1209.9999999999854,,,3.6166105058321194e-06,HOLD
2025-05-14,2,False,,,24619.6,24685.75,0.0266251279468391,1.0,-0.0787168857828017,0.0457402701618296,0.1033434650455927,24500,24500,-0.0002348981736666,-4.455813520143348e-05,0.0003302590203262,0.0004968586105459,0.0011678237699521,0.0016279008578958,0.0002092442040306,0.0084266203680337,0.0,0.0,[],0,,False,STRANGLE,2025-05-13T09:15:00+05:30,2025-05-20T00:00:00,6.0,,,target_hit,7849.999999999985,3.6166105058321194e-06,HOLD
2025-05-15,3,True,OPENED,,24640.6,25035.3,0.0241593143024114,0.697753643499568,-0.032220310296238,0.0536585365853658,-0.2163742690058479,24750,24650,-0.0002595660056385,-0.000858050509243,-0.0009178595515257,-0.0008179413370561,-0.0009705365386749,6.11273022183827e-05,0.0002596167747909,0.023789655234222,0.0,0.0,[],0,,False,STRANGLE,2025-05-15T09:15:00+05:30,2025-05-27T00:00:00,12.0,,,hard_exit,2669.9999999999927,3.6166105058321194e-06,HOLD
2025-05-16,4,False,,,24999.05,25013.1,0.0230508759332854,0.9676013829412504,-0.0205545661347422,0.1723236185254653,-0.0787146862195384,25000,25000,0.0001399462606359,-4.997131646433672e-05,-0.0001139273143735,-0.0001362439930443,-0.0001500253650884,-5.963982048460914e-05,0.0001085575995561,0.0044161294440544,0.0,0.0,[],0,,False,,,,,,,,,,
2025-05-19,0,True,OPENED,,24977.95,24935.35,0.021484949725658,0.524738720609369,-0.0419175923062421,0.13136448720359,-0.0605693519079345,25000,25000,4.010386902120189e-06,-0.0004850195110122,-0.0003968691434241,-0.0003239313028638,-0.0003332476232328,-0.0006041183552478,0.0001343976228401,0.0053480311063839,0.0,0.0,[],0,,True,STRANGLE,2025-05-19T09:15:00+05:30,2025-05-27T00:00:00,8.0,1640.0,1640.0,,,3.6166105058321194e-06,HOLD
2025-05-20,1,False,,,24987.3,24713.85,0.0202662952780012,0.2237660132379947,-0.0213601209492456,0.1339820644915092,-0.0091957378484892,25000,25000,0.0001517598067186,0.0002630796099136,0.0012437634580675,0.0008018809646167,0.0007368971776238,-2.148639645287237e-05,0.0002469496076629,0.0126204111688737,0.0,0.0,[],0,,True,STRANGLE,2025-05-19T09:15:00+05:30,2025-05-27T00:00:00,7.0,5180.0,5180.0,,,3.6166105058321194e-06,HOLD
2025-05-21,2,False,,,24758.8,24800.95,0.0187589867037174,0.1172717111532813,-0.0551609505282293,-0.0955074164977057,0.0256849315068493,25050,24850,-5.846208431448119e-05,3.2257869408081064e-05,0.0001411435450016,-0.0002710812545182,-0.0002548029043228,-9.470498838856784e-05,0.00020603832131,0.0097317454589197,0.0,0.0,[],0,,False,STRANGLE,2025-05-19T09:15:00+05:30,2025-05-27T00:00:00,6.0,,,target_hit,7680.0,3.6166105058321194e-06,HOLD
2025-05-22,3,True,OPENED,,24704.65,24637.0,0.0185349721611113,0.6913128331155842,-0.0313612402859007,-0.24958147080651,-0.2228260869565217,25000,24500,-0.0002272487481028,-0.0002739031194521,0.0004954354959227,0.0006644351996059,0.0017348105018832,0.0026765022179974,0.000254170425297,0.0095386900846602,0.0,0.0,[],0,,False,STRANGLE,2025-05-22T09:15:00+05:30,2025-06-03T00:00:00,12.0,,,hard_exit,5794.999999999993,3.6166105058321194e-06,HOLD
2025-05-23,4,False,,,24650.35,24845.15,0.0158882125405927,0.1356925088910529,-0.0423052341384106,0.0673772609819121,0.153200305310217,24650,24650,-0.0003460242418145,-0.000374178467035,-0.0003580905325287,-0.0003071952082386,-0.0003167872773919,-0.0004817747252287,0.000133432891945,0.011579120645283,0.0,0.0,[],0,,False,,,,,,,,,,
2025-05-26,0,True,,premium_lt_min,24994.3,24996.35,0.015925631043878,0.0,0.0063591234181728,0.2891583727896415,0.5039845136312309,25000,24800,0.0,-2.0002520317530248e-05,-0.0001420005680023,-0.0001204565684935,-0.0001031746647945,1.8458335040513615e-05,0.0001021093501808,0.0063825459997926,0.0,0.0,[],0,,False,,,,,,,,,,
2025-05-27,1,True,OPENED,,24920.1,24837.7,0.0174136540383064,0.5253299501979494,0.0408131121343948,-0.1125539842074574,-0.4413948256467941,25000,25000,-2.616921011244777e-05,0.0005438241715745,0.0006224254449134,0.0004396599051392,0.0009742525664728,0.0012110561894881,0.0001791858534081,0.0129852241922412,0.0,0.0,[],0,,False,STRANGLE,2025-05-27T09:15:00+05:30,2025-06-03T00:00:00,7.0,,,target_hit,6870.000000000007,3.6166105058321194e-06,HOLD
2025-05-28,2,True,,premium_lt_min,24809.35,24757.15,0.0159677702156646,0.897975993725217,0.0127332692810705,0.0288763400623985,-0.1539936267778958,25000,24500,0.0002121049293186,0.0002545367128807,0.0003515371669742,0.0001954386086825,-0.0001393015658855,-0.0004603922913693,0.0001305742371783,0.0047392411581771,0.0,0.0,[],0,,False,,,,,,,,,,
2025-05-29,3,True,,premium_lt_min,24884.5,24880.85,0.0074644859249733,1.0,0.0695492817980286,0.3548201899904537,0.5290882664885886,25000,24800,-0.0001466776507464,0.0003940324192182,0.0009373409688404,0.001178531820047,0.0025405841412568,0.003631989161141,0.000263248649651,0.0079065281600996,0.0,0.0,[],0,,False,,,,,,,,,,
2025-05-30,4,False,,,24816.35,24736.65,0.033455766057458,0.0887265020231998,-0.0970961612160679,-0.0465108343286128,-0.0451887293992557,25000,24500,-0.0003475414473483,-0.0001475325683195,-0.0002061293158325,-0.0004354461995452,-0.0007401577298371,-0.0009223905265093,0.0001724725532004,0.0057155498350896,0.0,0.0,[],0,,False,,,,,,,,,,
2025-06-02,0,True,,gap_guard,24609.6,24690.7,0.0338892139652818,0.327712185718633,-0.1029566638039123,-0.2711828859060403,-0.3663793103448275,24900,24500,-0.0001032670871594,0.0006727702327542,-0.0002247304752746,-0.0005135593930097,-0.0005739837674598,-0.0004333721897755,0.0002950730313544,0.0089605300367631,0.0,0.0,[],0,,False,,,,,,,,,,
2025-06-03,1,True,,iv_rank_band,24802.9,24538.4,0.0330566183793024,0.0096670020501689,-0.069341066783467,-0.0431712962962963,-0.088778729157278,25000,24500,0.0002099191913016,0.0001487685833359,0.0002160346633732,-1.8373112348079555e-05,-0.0004400593084442,-0.000790225812136,0.0001854257621338,0.0117204036624749,0.0,0.0,[],0,,False,,,,,,,,,,
2025-06-04,2,True,OPENED,,24591.75,24612.0,0.0321530594609981,1.0,-0.0621462452786657,-0.1007382941519331,0.1065573770491803,24500,24500,-0.0002396630094362,-7.312970772488381e-05,0.0001970971851676,-0.0001248095143654,-0.0002337491486447,-0.000181988328153,0.0001090755269394,0.0044720123852829,0.0,0.0,[],0,,True,STRANGLE,2025-06-04T09:15:00+05:30,2025-06-17T00:00:00,13.0,5610.0,5610.0,,,3.6166105058321194e-06,HOLD
2025-06-05,3,False,,,24661.6,24761.1,0.0289113439517306,0.3791259508078394,-0.0691000796926641,-0.2150148172538689,-0.0078740157480314,24850,24750,-0.0002018888722891,-0.0004622051423854,-0.0003613234531218,3.9100794453321995e-06,0.0003538313908505,0.0004626803042477,0.0002512755570705,0.0105238202391668,0.0,0.0,[],0,,False,STRANGLE,2025-06-04T09:15:00+05:30,2025-06-17T00:00:00,12.0,,,target_hit,9315.0,3.6166105058321194e-06,HOLD
2025-06-06,4,False,,,24734.0,25000.3,0.027876607099539,0.6976209965804702,-0.0657057485914378,-0.0731029692654974,-0.0413223140495867,24850,24750,-5.399643623527073e-05,-7.799298063182469e-05,-0.0001679697654421,-7.924297239368673e-05,-2.5074900178824928e-05,0.0001348007043601,0.0001215864478008,0.0136349742583672,0.0,0.0,[],0,,False,,,,,,,,,,
2025-06-09,0,True,OPENED,,25117.5,25103.1,0.0261112769981088,1.0,-0.0749139178571544,0.2784673889646265,0.1308232291001914,25000,25000,0.0,-8.962233149512056e-05,-0.0001632997705838,-2.6492821013849066e-05,2.3045511509409706e-05,5.5286304400999696e-06,7.07918937752304e-05,0.0023248275272307,0.0,0.0,[],0,,True,STRANGLE,2025-06-09T09:15:00+05:30,2025-06-17T00:00:00,8.0,3435.0,3435.0,,,3.6166105058321194e-06,HOLD
2025-06-10,1,False,,,25153.9,25091.5,0.0240459729902718,0.7634498566384554,-0.0774598819881705,0.3364233294708381,0.3063583815028902,25150,24850,-0.0001673593484142,-0.0004461671453668,-0.0003705061193268,-0.0004581926348951,-0.0006445009404744,-0.0008954280673269,0.0001376902571078,0.0035966219572776,0.0,0.0,[],0,,False,STRANGLE,2025-06-09T09:15:00+05:30,2025-06-17T00:00:00,7.0,,,target_hit,9885.0,3.6166105058321194e-06,HOLD
2025-06-11,2,True,OPENED,,25110.45,25126.8,0.0218076537855753,0.3298026461571257,-0.0964033529777012,0.073061952643529,-0.1550068587105624,25000,25000,-4.576577078518884e-05,-0.0001830379525216,-8.754825102474939e-05,-0.0003086529573523,-0.0004950664194541,-0.0007554647541787,8.787389872598516e-05,0.0044348491516889,0.0,0.0,[],0,,True,STRANGLE,2025-06-11T09:15:00+05:30,2025-06-24T00:00:00,13.0,1930.0000000000073,1930.0000000000073,,,3.6166105058321194e-06,HOLD
2025-06-12,3,False,,,25129.4,24856.0,0.020925688635622,0.3035045612709827,-0.0605955138418978,0.034846547314578,-0.175,25150,25150,-4.224153710918888e-05,-0.0001830208905273,-0.00059909371997,-0.0006713919199265,-0.0010823970003721,-0.0017194268220006,0.0002765415212406,0.0143259196335358,0.0,0.0,[],0,,False,STRANGLE,2025-06-11T09:15:00+05:30,2025-06-24T00:00:00,12.0,,,hard_exit,1455.0000000000073,3.6166105058321194e-06,HOLD
2025-06-13,4,False,,,24539.9,24735.55,0.0244397898931943,1.0,-0.0336865171907806,-0.7039426523297491,-0.0448717948717948,24850,24850,-0.0001091427243237,-0.0002970549127224,0.0002507142322787,0.0004119532754633,0.0008670482521347,0.0010685406083143,0.0002174784630236,0.0085049130519102,0.0,0.0,[],0,,False,,,,,,,,,,
2025-06-16,0,True,OPENED,,24767.55,24940.95,0.0197678010138265,0.3148709440885124,-0.0628127448384304,0.0430055955235811,-0.0070148090413094,24750,24850,0.0,-0.0002685623696019,0.0001263142699035,-0.0001924095929245,-0.0001556079342215,-5.979251656206557e-05,0.0001511275723197,0.0100286016439935,-8400.0,-1650.0,[],0,,True,STRANGLE,2025-06-16T09:15:00+05:30,2025-06-24T00:00:00,8.0,1520.0,1520.0,,,3.6166105058321194e-06,HOLD
2025-06-17,1,False,,,24927.0,24841.5,0.0184899907730573,0.905031339642228,-0.0582608967739055,-0.198991775006633,-0.1737089201877934,25150,24850,-0.0002213546907071,-0.0001509342832131,-0.0002374493910832,-0.0003596638919987,-0.0004493194142201,-0.0004647533141574,0.0003573020976432,0.0055441568954325,0.0,0.0,[],0,,True,STRANGLE,2025-06-16T09:15:00+05:30,2025-06-24T00:00:00,7.0,5260.0,5260.0,,,0.423388980787186,HOLD
2025-06-18,2,False,,,24791.35,24798.75,0.0172257662450814,0.912254905464348,-0.0350794877562482,-0.2175695730000153,-0.1866003663962313,25000,24500,-0.0002056132414927,-0.0001673191441323,-0.0002761473215724,-0.0003783787390631,-0.0002318829068539,1.1955749593597022e-06,0.0001422342503303,0.0077469969112232,0.0,0.0,[],0,,False,STRANGLE,2025-06-16T09:15:00+05:30,2025-06-24T00:00:00,6.0,,,target_hit,7725.0,3.6166105058321194e-06,HOLD
2025-06-19,3,True,,premium_lt_min,24783.9,24744.7,0.0157219001045033,0.4210256761951744,-0.1019347227038218,-0.1674653247525002,-0.0481710458526532,25000,24500,-0.00031713904224,-0.0008701357694442,-0.0014084166007521,-0.0013622743129284,-0.0019291620088572,-0.0022156613364847,0.0001727156884989,0.0045799131485946,0.0,0.0,[],0,,False,,,,,,,,,,
2025-06-20,4,False,,,24864.85,25079.75,0.0138830517779113,0.6754776263748048,-0.0632235331144401,0.2078706672516791,0.2799393431501656,24850,24850,-0.0007570098112456,-0.0012564064783583,-0.0016480137254863,-0.0012694090553627,-0.0005534234343581,0.0001989953804616,0.0004340896371462,0.0123958063938567,0.0,0.0,[],0,,False,,,,,,,,,,
2025-06-23,0,True,,premium_lt_min,24968.35,24958.9,0.012005198581404,0.6430741919912637,-0.0164638991492186,-0.3187182910547396,-0.2288909408022981,25050,24850,-3.004849827625833e-05,-0.0002583580843047,-0.000286388916148,-0.0004571292620521,-0.0008270658281431,-0.001060804635326,0.0001555648788469,0.0087649084285642,0.0,0.0,[],0,,False,,,,,,,,,,
2025-06-24,1,True,,premium_lt_min,25216.5,25071.55,0.009569131322745,0.2936829229919172,0.049038358334824,0.5410027421626028,0.4661909304373349,25000,25000,-4.1878385169447085e-05,-1.994288358120322e-06,8.576192489639922e-05,0.0005292880731039,0.0007825037896296,0.0002596354067362,0.000204920426796,0.0121808862597153,0.0,0.0,[],0,,False,,,,,,,,,,
2025-06-25,2,True,,premium_lt_min,25146.6,25236.35,0.0072574423580126,0.6288699492965472,-0.0218380291971722,0.2008996460199609,0.092272094066536,25250,24850,-0.0002535381446158,-0.0003089824771285,-0.0001881851424858,-0.0002484684669521,-0.0002597104803136,-0.0001867020225161,0.0001149526135506,0.0050611815097641,0.0,0.0,[],0,,False,,,,,,,,,,
2025-06-26,3,True,,premium_lt_min,25282.35,25530.4,0.0041254076460455,0.433713121171992,0.0831636357208769,0.258608071605672,0.3463124494174171,25500,25200,-0.0004228462249228,-0.0006263113393667,-0.0008766162612315,-0.0005424266409479,-0.0001189556715252,0.0007827951416959,0.0002217103933201,0.010924590010015,0.0,0.0,[],0,,False,,,,,,,,,,
2025-06-27,4,False,,,25616.2,25632.45,0.0299146633770816,0.4196328068349031,-0.1857822658672531,0.1731669266770671,0.2110817941952506,25500,25500,-0.0001111748253384,-0.0003217540862768,-0.0003841309086938,-0.0002306043820716,-8.22549370783508e-05,7.616996635671349e-05,0.0001516223941568,0.0045636908776868,0.0,0.0,[],0,,False,,,,,,,,,,
2025-06-30,0,True,OPENED,,25630.15,25507.45,0.0287844589282544,0.6462710073719724,-0.1261910268207896,-0.0556579432362698,-0.3296703296703296,25850,25550,-8.232211073888607e-05,-0.00041930939351,-0.0005857599598784,-0.0003275515947206,-0.0001442452105183,-5.022431528582026e-05,0.00016767377154,0.0065311183419147,0.0,0.0,[],0,,True,STRANGLE,2025-06-30T09:15:00+05:30,2025-07-08T00:00:00,8.0,1410.0,1410.0,,,3.6166105058321194e-06,HOLD
2025-07-01,1,False,,,25521.45,25533.0,0.0283526210305448,0.3507770440976285,-0.1796375594582205,0.0015171358549773,0.1087786259541984,25500,25500,4.5041781147947546e-05,-0.0002349348055914,-0.0001938291836267,-0.0002560460918831,-0.0002113404889736,-0.000138195525661,0.0002597432225227,0.0032610394685424,0.0,0.0,[],0,,True,STRANGLE,2025-06-30T09:15:00+05:30,2025-07-08T00:00:00,7.0,3920.0,3920.0,,,3.6166105058321194e-06,HOLD
2025-07-02,2,False,,,25599.3,25442.85,0.0269714406253296,0.0,-0.1896366069563737,0.0771965464702894,-0.3056300268096514,25500,25500,-0.0001886225250662,-0.000249516684218,-0.0001120032068286,-0.0001859822458685,0.0001819821106121,0.0003930717943423,0.000137717590086,0.0085483606365277,0.0,0.0,[],0,,True,STRANGLE,2025-06-30T09:15:00+05:30,2025-07-08T00:00:00,6.0,5059.999999999985,5059.999999999985,,,3.6166105058321194e-06,HOLD
2025-07-03,3,False,,,25486.2,25397.4,0.0262377286531534,0.1689299299572944,-0.1854306081957066,0.0035573906248177,-0.0464432686654908,25500,25500,9.844496335875697e-05,0.0002658458920901,-4.921521419443131e-05,-0.0001879404852338,-0.0006409877178412,-0.0015260050855269,0.0002992310540664,0.0074624094317974,0.0,0.0,[],0,,False,STRANGLE,2025-06-30T09:15:00+05:30,2025-07-08T00:00:00,5.0,,,target_hit,7375.0,3.6166105058321134e-06,HOLD
2025-07-04,4,False,,,25436.9,25467.8,0.0259878365681352,0.5093522425796342,-0.1777551457668382,-0.1267713519724243,-0.5064935064935064,25550,25550,2.748644329342298e-05,0.0001079911486527,0.0001256646481782,0.0002354086621416,0.0007289921790808,0.0015281809299686,0.0001196717227607,0.0051495489482002,0.0,0.0,[],0,,False,,,,,,,,,,
2025-07-07,0,True,,iv_rank_band,25424.65,25454.95,0.0247633694072484,0.0,-0.1720695098473879,-0.1833124105917729,0.0792227204783258,25500,25500,-0.00032792293222,-0.0006046245929088,-0.0003161449946981,-0.0002204035937408,2.0415794261607815e-05,0.0001559523305775,0.0001282652923403,0.0026385690128024,0.0,0.0,[],0,,False,,,,,,,,,,
2025-07-08,1,True,,prev_range_band,25449.8,25523.1,0.0243872250469551,0.6758729351969522,-0.1498200859322745,0.0113184460079535,0.7215189873417721,25550,25250,-3.721979858217761e-05,-0.0002957229839429,9.796007930851224e-05,2.172367342372855e-05,0.0006816014808311,0.0012987425143406,0.000322471759981,0.0044216435438915,0.0,0.0,[],0,,False,,,,,,,,,,
2025-07-09,2,True,OPENED,,25504.3,25464.65,0.0227196982469622,0.6497055648981411,-0.1200322028924084,0.017450437989857,0.0489311163895486,25500,25500,-0.0004121663660469,-0.0004808277302184,-0.0003886231552666,-0.0003657378384871,-0.0004528604604312,-0.0008545241116489,0.0001314523004497,0.0046974545668066,-3664800.0,-3418875.0,[],0,,True,STRANGLE,2025-07-09T09:15:00+05:30,2025-07-22T00:00:00,13.0,2815.0000000000146,2815.0000000000146,,,3.6166105058321194e-06,HOLD
2025-07-10,3,False,,,25483.0,25348.15,0.0212847780873523,0.5903220092115101,-0.1530342347538334,0.0324004372305978,0.2468389224848818,25500,25500,-0.0002662207305096,-0.000167636989003,-0.0001104495097816,-0.000416363851591,-0.0008495890076443,-0.00118862294197,0.0002445705761378,0.0059062645229984,0.0,0.0,[],0,,False,STRANGLE,2025-07-09T09:15:00+05:30,2025-07-22T00:00:00,12.0,,,hard_exit,4960.000000000015,3.6166105058321194e-06,HOLD
2025-07-11,4,False,,,25263.05,25140.55,0.0208704016340069,0.6763284029127664,-0.1437432414281494,-0.7260656883298393,-0.2611464968152866,25550,25250,0.0002009110620437,0.0002606031670246,1.789969013654691e-05,-0.0001667684144194,-0.0004713190522432,-0.0006556309766035,0.0001247516874036,0.0073636132059264,0.0,0.0,[],0,,False,,,,,,,,,,
2025-07-14,0,True,OPENED,,25119.45,25087.1,0.0199765520343797,0.0972526578020546,-0.1404548253748161,-0.3562641532529531,-0.1328976034858388,25000,25000,0.0001076366187748,-0.000169381081528,3.986128273458789e-06,0.0001200769190771,0.0004641302049116,0.0008577221154551,0.0001686355419568,0.0048676520046725,0.0,0.0,[],0,,True,STRANGLE,2025-07-14T09:15:00+05:30,2025-07-22T00:00:00,8.0,2680.0,2680.0,,,3.6166105058321194e-06,HOLD
2025-07-15,1,False,,,25150.45,25219.65,0.0184807826500122,0.6680708878835717,-0.1193183271778903,-0.0276788161140038,0.5,25250,25250,8.922410716416529e-05,-8.722595685872747e-05,-4.757968109703192e-05,0.0004773214400455,0.0010097271379392,0.0011841215150814,0.0001284790341992,0.0057427205717761,0.0,0.0,[],0,,False,STRANGLE,2025-07-14T09:15:00+05:30,2025-07-22T00:00:00,7.0,,,target_hit,6445.0,3.6166105058321194e-06,HOLD
2025-07-16,2,True,OPENED,,25168.75,25198.55,0.0170568661534641,0.9142270822437144,-0.126119702830865,-0.1734983243103892,0.0458715596330275,25250,25250,-3.9683248311939145e-05,-0.0001706156248201,0.0001051758421011,-0.0003000760773497,-0.0005955656961228,-0.0006871809186556,0.0001207699982322,0.0052328447628985,0.0,0.0,[],0,,True,STRANGLE,2025-07-16T09:15:00+05:30,2025-07-29T00:00:00,13.0,2700.0,2700.0,,,3.6166105058321194e-06,HOLD
2025-07-17,3,False,,,25219.95,25109.5,0.0158148608542047,0.2477403255721575,-0.1682388036812803,-0.0018290760012614,0.0113162596783799,25500,25000,-8.362669045380855e-05,-0.0001095083076984,1.1947811957346843e-05,-0.0001387762288251,-0.0004238942968902,-0.0009273623387115,0.0001162549967723,0.0049170093643164,0.0,0.0,[],0,,False,STRANGLE,2025-07-16T09:15:00+05:30,2025-07-29T00:00:00,12.0,,,hard_exit,3675.0,3.6166105058321194e-06,HOLD
2025-07-18,4,False,,,25115.85,24967.45,0.0152752146552873,0.0,-0.1200903092420665,-0.1842591277170052,-0.2,25000,25000,-0.0001862078079135,-0.0003963591013457,-0.0003003009015033,-0.000135052075832,-0.0001177945525294,-2.9131561295968817e-05,0.0001187645581166,0.0078177724425013,0.0,0.0,[],0,,False,,,,,,,,,,
2025-07-21,0,True,,premium_lt_min,24961.1,25093.3,0.0145846937835271,0.698951434878587,-0.0933511893110602,-0.1169244110420581,-0.3953013278855976,25250,25250,-0.00015937969423,-0.0003426035479386,-0.0002251090185048,1.975954630401962e-05,0.0007578155515665,0.0013624789227733,0.0001579068088763,0.0088018702978696,0.0,0.0,[],0,,False,,,,,,,,,,
2025-07-22,1,True,,premium_lt_min,25150.95,25064.9,0.0126158256447569,0.5146062491069369,-0.1103818159056262,0.1903131735767719,0.2632807939287799,25250,24950,0.0001296802086054,-1.7953070673093485e-05,-8.377548170901417e-05,4.700083310591605e-05,-2.0918050177587527e-05,-0.0002363005096571,0.0001044970366736,0.0048824399084318,0.0,0.0,[],0,,False,,,,,,,,,,
2025-07-23,2,True,,premium_lt_min,25135.2,25209.2,0.0110800789331296,0.1667265432347142,-0.1387015935642382,0.2883435582822086,0.3397780164697458,25250,24950,-0.0001289045689728,-0.0003529211161823,-0.0004856976898631,-0.0004390172340102,-0.000314229575548,8.538093802867944e-05,0.0001340800764453,0.0057329245841995,0.0,0.0,[],0,,False,,,,,,,,,,
2025-07-24,3,True,,premium_lt_min,25219.5,25051.9,0.0101270842007176,0.2688191664553739,-0.0784871140215351,0.0016358245578161,-0.142888188634141,25500,25000,-0.0001337045130261,-0.0001556525834336,-0.0002175010525852,-0.0002726770100567,-0.0004799269407897,-0.0006770325277401,9.493981172038362e-05,0.0079357841815616,0.0,0.0,[],0,,False,,,,,,,,,,
2025-07-25,4,False,,,24954.55,24832.2,0.0099040054819662,0.2989673035161385,-0.1075859298275034,-0.469983257593877,-0.3002524127691166,25250,25150,0.0001087416178335,-0.0001288483374538,-0.0002657133194839,-0.0001684212417507,-0.0001985090312001,-0.0003406361246041,0.0001179352619678,0.00716862371628,0.0,0.0,[],0,,False,,,,,,,,,,
2025-07-28,0,True,,premium_lt_min,24755.05,24673.95,0.0095010916964417,0.2300782373964966,-0.045663695410137,-0.5263307175947811,-0.5132251611469215,24950,24850,-0.0003646241636433,-0.0001661395450612,-8.915491273964182e-05,-0.0002527877878539,-0.0003672104275461,-0.0006130657170115,0.0001460160224184,0.0092855678845141,-3968175.0,-2927850.0,[],0,,False,,,,,,,,,,
2025-07-29,1,True,,premium_lt_min,24633.65,24830.4,0.0084477939728785,1.0,0.0773166754039926,-0.2664138512219413,-0.2180133791968261,24850,24650,0.0001611188090098,-0.0001932740626208,-0.0003965338513097,0.0001140372312948,0.0006238150148269,0.0012849944935038,0.0002064658466395,0.0091911135797848,0.0,0.0,[],0,,False,,,,,,,,,,
2025-07-30,2,True,,premium_lt_min,24833.05,24844.55,0.0060161760234848,0.149939308955158,-0.1229390018195834,0.21730163054053,0.0300270815575671,24850,24650,-0.0001167121777084,-0.0001448800011268,-6.037176935569377e-05,-0.0002891949997546,-0.0005275815265629,-0.0006326013227466,9.937759762549676e-05,0.0050001405662006,0.0,0.0,[],0,,False,,,,,,,,,,
2025-07-31,3,True,,premium_lt_min,24699.1,24765.6,0.0053139588082156,0.2651725713016293,-0.1212397128053853,-0.3552807508012769,-0.1934119468650572,25000,24800,0.0004463825842118,0.0004281963239749,0.0004160725178041,4.315335102841435e-05,-0.0012766007741622,-0.0025781138619548,0.0002169248824623,0.0119445034444895,0.0,0.0,[],0,,False,,,,,,,,,,
2025-08-01,4,False,,,24723.55,24572.15,0.0243249856917797,0.2812499999999998,-0.218369259606373,-0.4080447708989157,-0.1773642233194075,25000,25000,0.0003541847745329,0.0009797092239318,0.0004743388774659,0.0004135766554316,-0.0004247107701585,-0.0013754220647289,0.0002267533127911,0.0097209023612229,0.0,0.0,[],0,,False,,,,,,,,,,
2025-08-04,0,True,OPENED,,24613.85,24726.9,0.0238402362897311,0.5624999999999994,-0.1563896336014298,-0.2394563378638511,0.0342261904761904,24800,24500,-0.0001213106401563,-2.0220852147145862e-06,-0.0001354616309984,5.97651474959036e-05,0.0001948732217581,0.0004069318020591,0.0001267721403337,0.0068899707257111,0.0,0.0,[],0,,True,STRANGLE,2025-08-04T09:15:00+05:30,2025-08-12T00:00:00,8.0,3375.0,3375.0,,,3.6166105058321194e-06,HOLD
2025-08-05,1,False,,,24714.6,24649.5,0.0223511608522897,0.5784313725490197,-0.1913897987833411,-0.1367946169139012,-0.1218390804597701,25000,25000,-0.0001074956951017,-0.00028390079695,-0.0003366074832303,-0.0001733765726925,0.000319588376285,0.0006754506199758,0.0002417426101662,0.0047825981403703,0.0,0.0,[],0,,False,STRANGLE,2025-08-04T09:15:00+05:30,2025-08-12T00:00:00,7.0,,,target_hit,6419.999999999993,3.6166105058321194e-06,HOLD
2025-08-06,2,True,OPENED,,24643.7,24569.6,0.0212184047038391,0.2528735632183918,-0.1643507426928605,-0.0239021678710394,-0.0344827586206896,24950,24650,-0.0001810853318846,-0.0002319402001196,-0.0004841038992738,-0.0002345222171232,-0.0002428828849841,-0.0004284456708062,0.0001409936645703,0.0051883092799802,0.0,0.0,[],0,,True,STRANGLE,2025-08-06T09:15:00+05:30,2025-08-19T00:00:00,13.0,-1030.0000000000073,0.0,,,3.6166105058321194e-06,HOLD
2025-08-07,3,False,,,24501.7,24626.65,0.0209903802593289,0.5068493150684917,-0.1520606347702511,-0.5670494225087295,-0.4532005689900427,24800,24500,5.888277049526103e-05,-9.338603553943337e-05,-0.0001055655369123,0.0006962862336336,0.0023119085059248,0.004212617175616,0.0002217479448977,0.0115139925865478,0.0,0.0,[],0,,False,STRANGLE,2025-08-06T09:15:00+05:30,2025-08-19T00:00:00,12.0,,,hard_exit,3880.0,3.6166105058321194e-06,HOLD
2025-08-08,4,False,,,24558.75,24350.85,0.0198727541100422,0.4196428571428573,-0.1084928816887579,-0.2799511002444987,-0.4029850746268656,24650,24550,3.696106152162315e-05,9.035408533941693e-05,0.0001314295219454,-0.0002294874967061,-0.0010392783880489,-0.001813366312897,0.0003181403697116,0.0099408996432826,0.0,0.0,[],0,,False,,,,,,,,,,
2025-08-11,0,True,OPENED,,24360.65,24562.15,0.0201780330163604,0.7536945812807884,-0.1152482269503545,-0.4066390041493776,-0.2886297376093295,24650,24450,0.0004806448787899,-0.0002055586310202,-0.0005472908087695,-0.0004408030003325,-0.0003857156056082,0.0002867847396019,0.0002023618302509,0.0098740840862204,0.0,0.0,[],0,,True,STRANGLE,2025-08-11T09:15:00+05:30,2025-08-19T00:00:00,8.0,3900.0000000000073,3900.0000000000073,,,3.6166105058321194e-06,HOLD
2025-08-12,1,False,,,24543.95,24485.85,0.0182835281199643,0.6999999999999998,-0.1064836725035494,-0.1601752677702044,-0.036144578313253,24750,24450,0.0001838133926437,6.534813196235056e-05,-0.000324571932489,-0.0001199210233141,-0.0004929346704947,-0.0012541846144497,0.0001911644488076,0.009201447937418,0.0,0.0,[],0,,True,STRANGLE,2025-08-11T09:15:00+05:30,2025-08-19T00:00:00,7.0,5515.0,5515.0,,,3.6166105058321194e-06,HOLD
2025-08-13,2,False,,,24582.3,24630.4,0.0171098717369814,0.1417322834645667,-0.0966796875,0.1054163100623548,0.0695596681557115,24500,24500,0.0002924071607264,0.0004142939537452,0.0005727911993274,0.0004045523692506,0.0001799665318296,6.829623520798525e-05,0.0001256125626001,0.0045663767058011,-1422600.0,-1344450.0,[],0,,False,STRANGLE,2025-08-11T09:15:00+05:30,2025-08-19T00:00:00,6.0,,,target_hit,7720.0,3.6166105058321194e-06,HOLD
2025-08-14,3,True,OPENED,,24645.05,24616.05,0.0167619866869817,0.7619047619047613,-0.0715667311411992,-0.0751858992013219,0.2444444444444444,24650,24650,8.734901823759245e-05,-0.0002152603330036,-0.0004020149476468,-0.0003595742452688,-0.000587941280359,-0.0007287667952222,0.0001231795044931,0.0026123153747627,0.0,0.0,[],0,,False,STRANGLE,2025-08-14T09:15:00+05:30,2025-08-26T00:00:00,12.0,,,hard_exit,-65.0,3.6166105058321194e-06,HOLD
2025-08-18,0,True,,prev_range_band,24919.4,24884.05,0.0160657961267125,0.7696969696969693,-0.0326741186586414,0.2826180126125023,0.1818235259537946,25000,25000,8.23888754923896e-05,0.0003678406747362,0.0004362124696459,0.0001814031371874,-0.0002830767200146,-0.0007598220065958,0.0001463239916205,0.0060976828405488,0.0,0.0,[],0,,False,,,,,,,,,,
2025-08-19,1,True,,premium_lt_min,24900.65,24989.7,0.0136341822402226,0.7931034482758619,-0.0614793467819404,-0.0335410236999941,-0.0343386085398626,25000,25000,7.803823873708815e-05,-1.200480192076192e-05,-0.0001240357222879,0.0002037271089757,0.0004467626601379,0.0006192675872994,9.390423022370128e-05,0.0052245475757739,0.0,0.0,[],0,,False,,,,,,,,,,
2025-08-20,2,True,,premium_lt_min,24959.3,25047.15,0.0120335906856362,0.5511811023622046,-0.1112260734609415,-0.0384022604675057,0.0033589251439539,24950,24950,6.188711789700818e-05,1.996239085588769e-06,-3.193874149376441e-05,-4.02534169719772e-05,-0.0003277874228611,-0.0004277373658873,8.697059057738493e-05,0.0060040066578293,0.0,0.0,[],0,,False,,,,,,,,,,
2025-08-21,3,True,,premium_lt_min,25095.4,25076.95,0.0107310503120093,0.5642857142857145,-0.1046070460704606,0.226766145954768,0.1623328128182497,25000,25000,-5.383140005499332e-05,6.181357027212897e-05,-7.576104964934771e-05,-0.0001574700574652,-0.0005429383086145,-0.0008838024311441,0.0001588448671955,0.0035868804479226,0.0,0.0,[],0,,False,,,,,,,,,,
2025-08-22,4,False,,,25052.2,24869.45,0.00913492627394,0.120805369127517,-0.1493158834027364,-0.2030482358195623,-0.1379452549100469,25150,24950,0.0001930451464227,0.0001447768726989,0.00013874366605,-3.436754757832611e-05,-0.0003760857899953,-0.0008883384495254,9.902979864848592e-05,0.0074863684626499,0.0,0.0,[],0,,False,,,,,,,,,,
2025-08-25,0,True,,premium_lt_min,24933.8,24978.55,0.0079570703222132,0.9891891891891894,-0.0773839241138292,0.3436988165816974,0.1212073737531986,25050,24850,-7.405806152027683e-05,0.0002322531559399,0.0001581606912623,0.0003014810834026,0.0002588069359728,7.785060480238522e-05,0.0001163942910499,0.0046653221051115,0.0,0.0,[],0,,False,,,,,,,,,,
2025-08-26,1,True,,premium_lt_min,24910.45,24710.7,0.0055759731357723,0.2830687830687832,-0.110018438844499,-0.3235682794922764,-0.4279563019839034,25000,25000,0.0004372487338004,0.000386621675509,0.0006033414588715,0.0001600754970333,-0.0006476913720695,-0.0015242001423931,0.0002357294675359,0.0086911316335112,0.0,0.0,[],0,,False,,,,,,,,,,
2025-08-28,3,True,,premium_lt_min,24615.5,24533.1,0.0046312282911173,0.7931034482758621,-0.1330014224751067,-0.636191714437681,-0.6055917964804715,24800,24500,0.0005811854960571,0.0007893529141806,0.0008505951106079,0.0009850853145648,0.0007861847576754,0.0002040520788633,0.0003190535555954,0.0076855898735817,-9225900.0,-12174600.0,[],0,,False,,,,,,,,,,
2025-08-29,4,False,,,24542.1,24433.65,0.0272939153536168,1.0,-0.1135135135135134,-0.2283798093893399,0.5522388059701493,24550,24550,0.0003602888042302,0.0007085416124852,0.0008889089155106,0.0004526449298356,-0.0002448777773427,-0.0011184599287365,0.0002520344893717,0.0066847096170282,-137700.0,-766125.0,[],0,,False,,,,,,,,,,
2025-09-01,0,True,OPENED,,24512.7,24624.3,0.0254153969167003,0.990196078431371,-0.1030975496994914,-0.3612989323843416,-0.0235033259423503,24500,24500,9.544329348409876e-05,-3.045679095070586e-05,-9.542507811666212e-05,-3.802134763276583e-05,9.112861593894474e-05,0.0004187447053431,0.000111941940408,0.0051639618792437,0.0,0.0,[],0,,True,STRANGLE,2025-09-01T09:15:00+05:30,2025-09-09T00:00:00,8.0,2935.0,2935.0,,,3.6166105058321194e-06,HOLD
2025-09-02,1,False,,,24675.75,24575.0,0.0231239172061639,0.1754385964912273,-0.1523573200992556,0.012822421162311,0.0460829493087557,25000,24500,0.0001098798240295,-6.10372673215398e-06,3.4589192301703875e-05,-0.0001169476611975,-0.0002240470936388,-0.0008599532597859,0.0002314533454359,0.0088213133596335,0.0,0.0,[],0,,True,STRANGLE,2025-09-01T09:15:00+05:30,2025-09-09T00:00:00,7.0,3660.0,3660.0,,,3.6166105058321194e-06,HOLD
2025-09-03,2,False,,,24603.2,24713.6,0.0234380080639916,0.4301075268817196,-0.1903147699757869,-0.1924394010609011,-0.2880382775119617,24500,24500,5.058199645113781e-05,-4.653091777184759e-05,-0.0002831646481072,-0.0001021009796539,0.0004650321333957,0.0012767885702625,0.0002008484152241,0.0078865278050141,0.0,0.0,[],0,,False,STRANGLE,2025-09-01T09:15:00+05:30,2025-09-09T00:00:00,6.0,,,target_hit,7065.0,3.6166105058321194e-06,HOLD
2025-09-04,3,True,,gap_guard,24876.6,24739.8,0.0220830016963733,0.3939393939393944,-0.169584792396198,0.1306668423827095,0.1287730727470141,25000,25000,0.0002041662034182,-0.0001353910072081,-0.0003333595980289,0.0001303992655279,-5.1243994513446154e-05,-0.000539436564708,0.0002740348807628,0.0088847885600826,0.0,0.0,[],0,,False,,,,,,,,,,
2025-09-05,4,False,,,24814.65,24743.95,0.0204959570253862,0.0,-0.1913746630727763,-0.030418327092136,-0.0116472545757071,25000,25000,0.0001960459353818,0.0001920029750355,-7.476016132024199e-05,0.0001243673579439,0.0001393734580954,0.000376517921796,0.0001553186497776,0.0080993998952836,0.0,0.0,[],0,,False,,,,,,,,,,
2025-09-08,0,True,OPENED,,24804.95,24791.2,0.0200685750223241,0.272727272727273,-0.123916369199388,-0.0342522332148688,-0.0051921079958463,25000,24500,0.0003066544004908,0.0006680215462175,0.000169443659983,0.0004636677306729,-0.0001319777032998,-0.0008755921511498,0.0002548291696271,0.0051265665067,-450.0,-10575.0,[],0,,True,STRANGLE,2025-09-08T09:15:00+05:30,2025-09-16T00:00:00,8.0,1700.0,1700.0,,,3.6166105058321194e-06,HOLD
2025-09-09,1,False,,,24867.55,24878.8,0.0193666042694193,0.394957983193278,-0.1268191268191267,0.0788767662314434,-0.4308943089430894,24850,24650,5.828595087509214e-05,-4.019324914183997e-05,6.833593947841443e-05,0.0002613736025548,0.0004354899455155,0.0005523114214265,0.0002844577986617,0.0028929546509268,-10650.0,4275.0,[],0,,True,STRANGLE,2025-09-08T09:15:00+05:30,2025-09-16T00:00:00,7.0,3580.0,3580.0,,,3.6166105058321194e-06,HOLD
2025-09-10,2,False,,,24971.0,24977.55,0.0184934524047895,0.0,-0.190603310197544,0.2512257305353991,0.0634920634920634,25250,24650,-3.603105877270085e-05,4.404148708081479e-05,-0.0001641204644209,5.673708042127604e-05,0.0003973901847829,0.0005523452061856,0.000124810138907,0.0045103530379963,0.0,0.0,[],0,,True,STRANGLE,2025-09-08T09:15:00+05:30,2025-09-16T00:00:00,6.0,5120.0,5120.0,,,3.6166105058321194e-06,HOLD
2025-09-11,3,False,,,24959.2,25008.1,0.0179693259399339,0.8444444444444439,-0.0770866560340245,0.0316152519639777,-0.4033149171270718,25150,24750,0.0002599833610648,0.0001679737960877,0.0002119762586589,0.0001154368220987,2.2804989733106873e-05,6.0847273253066415e-06,0.0002654351402242,0.0030996047604497,0.0,0.0,[],0,,False,STRANGLE,2025-09-08T09:15:00+05:30,2025-09-16T00:00:00,5.0,,,target_hit,7325.0,3.6166105058321194e-06,HOLD
2025-09-12,4,False,,,25063.3,25107.7,0.0164762820538396,0.5423728813559329,-0.0909090909090908,0.2421319796954314,0.0605187319884726,25150,24750,-0.0001214619236781,-0.0001553067108427,-0.0001115071384479,-0.0001854544376246,-0.000192503912487,-0.0002148932348906,7.41546910402859e-05,0.0038447003600056,20925.0,1500.0,[],0,,False,,,,,,,,,,
2025-09-15,0,True,,premium_lt_min,25118.1,25069.7,0.0156361348987383,0.2553191489361706,-0.0936819172113289,0.1421715133401688,0.0334101382488479,25000,25000,0.0001057164684317,3.590119989804741e-05,0.000159580622125,4.703238095047581e-05,-0.0001548823816935,-0.0003613746540396,9.10239549006587e-05,0.0029632725354986,0.0,-9525.0,[],0,,False,,,,,,,,,,
2025-09-16,1,True,,premium_lt_min,25094.8,25254.45,0.0147978864147154,0.1146496815286622,-0.0997245179063361,0.1038035365110069,0.0544,25000,25000,-1.187895346421719e-05,6.335918520106176e-05,-7.919333667283368e-06,0.0003368972539769,0.0009167669808242,0.0015177408411326,0.0002561654667925,0.0070199611585905,0.0,0.0,[],0,,False,,,,,,,,,,
2025-09-17,2,True,,premium_lt_min,25306.65,25330.15,0.0139647088808672,0.6132075471698114,-0.0011312217194569,0.3773574796399486,0.0548999486916367,25500,25000,0.0001066037046761,-3.947848915775154e-06,0.0001816347522562,8.882711514897663e-05,0.0002352371587604,0.0003394270827747,0.0001068388608126,0.0023141343697288,0.0,0.0,[],0,,False,,,,,,,,,,
2025-09-18,3,True,,premium_lt_min,25418.75,25420.75,0.0126815834767642,0.0354609929078012,-0.0533333333333333,0.1058938139308329,0.0417948717948718,25500,25100,-0.0001514281443955,-0.0003303295627262,-0.0003480196306665,-0.0001870100274189,0.0004356252204254,0.0009918838055157,0.0001442843358829,0.0041217701007543,0.0,0.0,"[{""date"": ""2025-09-18"", ""label"": ""RBI Policy Day"", ""severity"": ""high"", ""action"": ""skip""}]",1,,False,,,,,,,,,,
2025-09-19,4,False,,,25396.8,25352.5,0.0113793863793863,0.1257861635220127,-0.0985915492957746,-0.0680298424979276,-0.0767004341534008,25500,25200,0.000339332146986,0.0001952851459017,0.0007954256119151,0.0006869311514508,0.000705964283489,0.0007019607550916,0.0001810640846874,0.0042328167328167,0.0,0.0,[],0,,False,,,,,,,,,,
2025-09-22,0,True,,premium_lt_min,25242.45,25200.2,0.0113122933788122,0.479553903345725,0.0901146914254505,-0.2000373552484124,-0.4987271464938672,25550,25150,-0.0001587037081121,-0.0002658002372366,-0.0003689085463812,-0.0001366962960861,-0.0002756797406459,-0.0009124491617478,0.000136755773659,0.0069269931638138,0.0,0.0,[],0,,False,,,,,,,,,,
2025-09-23,1,True,,premium_lt_min,25237.45,25184.9,0.0104824378057212,0.1327433628318587,0.0049806308799114,0.0711918211101255,0.0731871838111298,25450,25050,0.0006178149217204,0.0005621604441663,0.0007828270786642,0.0005604394652318,0.0002164650297668,-0.0001346641654932,0.0003125138020425,0.0068703967253285,4310175.0,2717325.0,[],0,,False,,,,,,,,,,
2025-09-24,2,True,,premium_lt_min,25110.25,25060.9,0.0094582889457492,0.2480000000000004,-0.0179087232813402,-0.4334155162863442,-0.4425366695427092,25300,25000,-0.0001097206512219,3.391852769651926e-05,-0.0002174229594654,2.4649598525302525e-05,-0.0001704556483567,-0.0006196765370346,0.0001530386912467,0.0043197231558639,0.0,0.0,[],0,,False,,,,,,,,,,
2025-09-25,3,True,,premium_lt_min,25014.9,24904.55,0.008149143110706,0.2205882352941178,-0.0012376237623762,-0.331692268491555,-0.581853140450467,25300,25000,0.0003936572972211,0.0006287943621452,0.0006830724599247,0.0004075681943668,-0.0001647283435257,-0.0009998228969469,0.0002373120346086,0.0083343463955248,0.0,0.0,[],0,,False,,,,,,,,,,
2025-09-26,4,False,,,24823.45,24673.1,0.008292562073362,0.8851674641148324,0.0930232558139534,-0.6004043494890989,-0.6721032735196527,25000,25000,0.0002351290980366,0.0003324562434876,0.0004805109230066,0.0005602952476122,0.0006580748809816,0.0002332596230076,0.0001184211795265,0.0082643463415419,0.0,0.0,[],0,,False,,,,,,,,,,
2025-09-29,0,True,,premium_lt_min,24710.85,24677.55,0.006341343984525,0.7250280583613917,0.2597894736842106,0.0093960638893717,-0.1742412813768767,25000,24500,-9.724492958862464e-05,0.0008476415084772,0.0010161241253421,0.0010670927964637,0.0007115555459894,0.0001755011033353,0.0002716921695645,0.0072329739705718,0.0,0.0,[],0,,False,,,,,,,,,,
2025-09-30,1,True,,premium_lt_min,24710.3,24633.6,0.0041723491823247,0.8800786369593709,0.0595660749506903,0.2026267101611568,0.2241190481661037,25000,24600,0.0005341088404151,0.0006499415052645,0.0008837206467615,0.0007354849926493,0.00064392164961,0.0004009199420916,0.0002124199374088,0.0054291231511156,3534975.0,-24935475.0,[],0,,False,,,,,,,,,,
2025-10-01,2,True,OPENED,,24638.1,24853.4,0.023579334445432,0.7553956834532376,-0.1165234001910219,-0.3774361789733736,0.362962962962963,24750,24750,0.0002213466731595,0.0003099127816885,0.000460913897661,0.0005121486370193,0.0007146806178586,0.0012022267587324,0.0001979573036622,0.0098433113744037,-75.0,675.0,[],0,,True,STRANGLE,2025-10-01T09:15:00+05:30,2025-10-14T00:00:00,13.0,5095.000000000007,5095.000000000007,,,3.6166105058321194e-06,HOLD
2025-10-03,4,False,,,24796.7,24895.0,0.0214887464864276,0.9285714285714288,-0.0740365111561865,-0.1261297939907173,-0.1140716069941715,25000,25000,0.0001486463141739,-5.221659443366278e-05,-4.016709511567296e-05,0.0001216661149019,0.0005022218816988,0.0011203092844774,0.0001603290483272,0.005820513747174,0.0,0.0,[],0,,False,STRANGLE,2025-10-01T09:15:00+05:30,2025-10-14T00:00:00,11.0,,,target_hit,8800.000000000007,3.6166105058321194e-06,HOLD
2025-10-06,0,True,OPENED,,24913.2,25072.55,0.0196442046786442,0.4934210526315791,-0.1244094488188976,0.0067218756721875,0.0183976261127596,25000,25000,-0.0001196384525962,-0.0004146242766501,-0.0002233019580791,-0.0002102575283454,-9.466834362814683e-05,0.0001722172074212,0.0001233942191982,0.0082170054554221,-1068300.0,-614100.0,[],0,,True,STRANGLE,2025-10-06T09:15:00+05:30,2025-10-14T00:00:00,8.0,2035.0,2035.0,,,3.6166105058321194e-06,HOLD
2025-10-07,1,False,,,25122.45,25112.8,0.0183600723655535,0.214953271028037,-0.1330756488128106,0.171861616951551,-0.0059405940594059,25000,25000,-0.0001871205334925,6.570786284165742e-05,0.000476079495316,0.00019518066773,-0.0003736598667928,-0.0011194940309617,0.0002236880343402,0.0052032933039326,-7275.0,-1950.0,[],0,,True,STRANGLE,2025-10-06T09:15:00+05:30,2025-10-14T00:00:00,7.0,4800.0,4800.0,,,3.6166105058321194e-06,HOLD
2025-10-08,2,False,,,25104.45,25023.8,0.0173375636590325,0.7258064516129034,-0.1128757799205899,0.0583636049126448,-0.1285106382978723,25000,25000,-0.0004074458736119,-0.0005691337783892,-0.0005631462702543,-0.0006507139194808,-0.0010869875755511,-0.0015327721917073,0.0001669270065981,0.0070122998080698,3842550.0,4533750.0,[],0,,True,STRANGLE,2025-10-06T09:15:00+05:30,2025-10-14T00:00:00,6.0,5090.0,5090.0,,,3.6166105058321194e-06,HOLD
2025-10-09,3,False,,,25075.8,25170.3,0.0167591861476004,0.1515151515151516,-0.1217587373167981,0.1402806129040593,-0.0674662668665667,25000,25000,-0.0002085356625773,-0.0001906645852449,-0.0004626329573366,-0.000309806212795,-6.61743776907335e-05,0.0002693972111095,0.0001982609596658,0.0067429464969619,-1991625.0,-1454325.0,[],0,,False,STRANGLE,2025-10-06T09:15:00+05:30,2025-10-14T00:00:00,5.0,,,target_hit,6935.000000000007,3.6166105058321194e-06,HOLD
2025-10-10,4,False,,,25170.95,25278.2,0.0170176334226558,0.6412213740458012,-0.0065934065934066,-0.1383171912832929,0.1131221719457013,25250,25050,-0.0002373023469202,-0.0004685637236778,-0.0003400983912554,-0.000326111840752,-0.0004941031750542,-0.0006809652228111,0.000137887132021,0.0062558729005614,-13575.0,-34500.0,[],0,,False,,,,,,,,,,
2025-10-13,0,True,OPENED,,25213.5,25237.15,0.0165149622226188,0.8899082568807346,-0.0061412487205731,-0.0432448092708836,-0.1927625354777672,25500,25000,-0.0001822377608524,3.9625695678724426e-05,7.529150691998332e-05,0.0001795374293462,0.0002390816973399,0.0004539312819816,0.0001323427003997,0.004298836424524,0.0,0.0,[],0,,True,STRANGLE,2025-10-13T09:15:00+05:30,2025-10-21T00:00:00,8.0,1065.0,1065.0,,,3.6166105058321194e-06,HOLD
2025-10-14,1,False,,,25291.65,25116.55,0.0155367482943975,0.0327868852459009,-0.0998431782540512,0.1874799615261301,0.130766562608394,25500,25000,-0.0003044873070585,-0.0004138982248144,-0.0004914660012973,-0.0007928427984694,-0.0011440303511957,-0.0010377539627371,0.0002815740650579,0.0093056804371239,0.0,0.0,[],0,,False,STRANGLE,2025-10-13T09:15:00+05:30,2025-10-21T00:00:00,7.0,,,trailing_lock,110.00000000000728,3.6166105058321194e-06,HOLD
2025-10-15,2,True,,premium_lt_min,25220.75,25327.75,0.015352437972701,0.9059829059829064,0.0376871450696954,0.0648495011119435,0.0889452581621798,25500,25000,-0.0002348650216904,-7.303707914840807e-05,-0.0002131594373381,1.5267236658142205e-05,0.0001337914981611,0.0001153573579182,0.0001172566792473,0.005926550987857,1800.0,-1650.0,[],0,,False,,,,,,,,,,
2025-10-16,3,True,,premium_lt_min,25405.5,25566.3,0.0138178740823837,0.891025641025641,0.0526315789473683,0.1729517352952505,0.2562107904642409,25500,25100,-0.0003362671994808,-0.0003597192625754,-0.000332358415315,-0.0004105993983859,-0.0006146274683535,-0.0002693625280273,0.000215882141745,0.0085684234764267,-257175.0,-14925.0,[],0,,False,,,,,,,,,,
2025-10-17,4,False,,,25552.2,25704.7,0.0134822050547506,0.2146892655367236,-0.0816326530612244,0.1223555824194801,0.1334879099039417,25750,25250,0.0001303433477231,2.1397323000327265e-05,3.1123681620170984e-05,-0.0001438450976694,-0.0002308796990325,-0.0001007970792589,0.0001958463229628,0.0089672094579523,-9525.0,-55350.0,[],0,,False,,,,,,,,,,
2025-10-20,0,True,,premium_lt_min,25905.1,25847.05,0.0116405649852731,0.4316546762589924,-0.0074866310160428,0.6952528780235416,0.2966308098234219,26000,25600,-0.0001760045799872,7.737886821734818e-06,-4.835907970734965e-05,1.764002946485099e-05,0.0002441320221564,0.000155707262989,0.0003025782908915,0.0046953519102597,0.0,0.0,[],0,,False,,,,,,,,,,
2025-10-21,1,True,,premium_lt_min,25924.05,25833.3,0.0108451418663364,0.156716417910447,-0.0563607085346216,0.2639055453270949,0.2633858630540964,26000,25700,-5.806425390386671e-06,-0.0003850134948197,-0.0003134505096473,-0.000858506691887,-0.0016336603177956,-0.0022495968994497,0.0003061461197872,0.0035006104370266,0.0,0.0,[],0,,False,,,,,,,,,,
2025-10-23,3,True,,premium_lt_min,26018.05,25870.3,0.010358193638647,0.8521739130434782,0.1575375666505089,0.4101803989333969,0.1839425701359721,26000,25700,-0.0002241450604998,-0.0002067580911011,-9.662657308062704e-05,-0.0005395778930664,-0.0015155949332366,-0.0027440506124789,0.0002781241426435,0.0091232976420787,-3687300.0,-2789700.0,[],0,,False,,,,,,,,,,
2025-10-24,4,False,,,25882.2,25797.45,0.0088555068734497,0.9201680672268906,0.1685279187817259,-0.1374526366812278,-0.455557931653907,26000,26000,7.559458045003353e-05,-0.000232527045802,3.876502386956915e-05,5.425656306687364e-05,0.0005167233073807,0.0007287729976071,0.0001919992397557,0.0073280003704517,-829275.0,-760800.0,[],0,,False,,,,,,,,,,
2025-10-27,0,True,,premium_lt_min,25871.7,25974.0,0.0065766841761461,0.3166666666666668,0.1952614379084968,0.27424432556194,0.0953467114311831,26050,25750,-0.000177068818181,-5.774972424599234e-06,0.0002599428125811,0.0002003792718698,0.0003726213953461,0.0004541666216057,0.0001348113347249,0.0056916509633503,-9631575.0,-5706000.0,[],0,,False,,,,,,,,,,
2025-10-28,1,True,,premium_lt_min,25986.85,25965.4,0.0055605046398466,1.0,0.2421921037124337,0.0199474527891826,0.1407032187075605,26000,25900,0.0004739318231734,0.0002523224256854,0.0005703143665272,0.0007599924297498,0.0019449062340673,0.0026302387881134,0.0002441948338202,0.0084427082733163,-5204175.0,-1944300.0,[],0,,False,,,,,,,,,,
2025-10-29,2,True,OPENED,,26009.4,26068.3,0.0249582843125946,0.2315789473684214,-0.0340136054421768,0.0232670207527996,0.0718550545604282,26000,26000,8.05641021706105e-05,-3.644140126779494e-05,9.015593139705123e-05,0.0003240025023626,0.0005351522102727,0.0005059917993959,0.0001271068319677,0.0050374310442945,0.0,0.0,[],0,,True,STRANGLE,2025-10-29T09:15:00+05:30,2025-11-11T00:00:00,13.0,-645.0,0.0,,,3.6166105058321194e-06,HOLD
2025-10-30,3,False,,,25988.3,25891.2,0.0240127288048852,0.5754716981132068,-0.0357798165137614,-0.1094730667709453,-0.0883550488599348,26000,26000,0.0001100881284439,-4.63456458266176e-05,0.0002936222163842,0.0003121552674728,0.0004020097274341,0.0002678387215878,0.0001537509518872,0.0054192773912055,0.0,0.0,[],0,,False,STRANGLE,2025-10-29T09:15:00+05:30,2025-11-11T00:00:00,12.0,,,hard_exit,3269.9999999999927,3.6166105058321194e-06,HOLD
2025-10-31,4,False,,,25833.6,25732.55,0.0235197572154093,0.1134751773049646,-0.0596877869605141,-0.2351906158357771,-0.4131736526946107,25950,25950,0.0001243715834251,0.000231278132361,0.0001632440479082,0.0002827521221626,-0.0001220384636413,-0.0006847812727964,0.0001752995738868,0.009119970094668,450.0,0.0,"[{""date"": ""2025-10-31"", ""label"": ""F&O Monthly Expiry"", ""severity"": ""high"", ""action"": ""skip""}]",1,,False,,,,,,,,,,
2025-11-03,0,True,OPENED,,25710.8,25774.3,0.0233073261042052,0.2857142857142853,-0.0379746835443038,-0.3618798955613577,-0.3991031390134529,26000,26000,0.000153276924838,0.0001823854464175,0.0002736031202397,0.0002570922290702,0.0003115490512007,0.0003983299855346,0.000115263324042,0.0059765936129516,0.0,0.0,[],0,,True,STRANGLE,2025-11-03T09:15:00+05:30,2025-11-11T00:00:00,8.0,540.0,540.0,,,3.6166105058321194e-06,HOLD
2025-11-04,1,False,,,25768.55,25586.25,0.023033892089388,1.0,-0.0388601036269429,-0.52306519252764,-0.1566265060240964,25950,25750,-0.0002481185967818,-0.0004609726131482,-0.0003067113123726,-0.0003429481085436,-0.0006015438673529,-0.001128300364142,0.0001785585295523,0.0075850138279592,24300.0,5175.0,[],0,,True,STRANGLE,2025-11-03T09:15:00+05:30,2025-11-11T00:00:00,7.0,3379.9999999999927,3379.9999999999927,,,3.6166105058321194e-06,HOLD
2025-11-06,3,False,,,25648.4,25519.95,0.0215276586453735,0.8910891089108909,-0.0017482517482517,-0.305776364599894,0.4600760456273764,25950,25750,0.0002665292212054,0.000605775451391,0.0004822082786928,0.0003273886851349,-2.933022082499989e-05,-0.0004914322553242,0.0002983637784123,0.0069274709180603,-41700.0,-1425.0,[],0,,False,STRANGLE,2025-11-03T09:15:00+05:30,2025-11-11T00:00:00,5.0,,,target_hit,8485.0,0.1215118974738146,HOLD
2025-11-07,4,False,,,25372.05,25510.8,0.0203393103828819,1.0,-0.0054495912806539,-0.766497461928934,-0.7571428571428571,25650,25350,0.0001725057240535,0.0004627632456173,0.000472572184911,0.0004575135698514,0.0005108304172763,0.0005452812890073,0.000247303176977,0.0088293264384598,-750.0,-375.0,"[{""date"": ""2025-11-07"", ""label"": ""US Payrolls"", ""severity"": ""medium"", ""action"": ""light""}]",1,,False,,,,,,,,,,
2025-11-10,0,True,OPENED,,25577.05,25574.25,0.0183680291511335,0.5523565330389709,-0.0022927149360998,0.0047673364335643,0.0498753117206982,25800,25500,9.38532018606164e-05,3.91019838374973e-06,0.0001153637085327,9.050472850443164e-06,-0.000477043378075,-0.0009903097830156,0.0001235739536003,0.0053114456293137,1275.0,-3600.0,[],0,,True,STRANGLE,2025-11-10T09:15:00+05:30,2025-11-18T00:00:00,8.0,75.0,75.0,,,3.6166105058321194e-06,HOLD
2025-11-11,1,False,,,25612.75,25705.55,0.0183268098896057,0.2696891388877367,0.0084849965043821,-0.0121357896463127,-0.0456349206349206,25800,25500,-0.0001166926956207,-0.0001944726970056,5.446591309166138e-05,0.0001960898081998,0.0005967077866858,0.0012874715645942,0.0002316623666326,0.0100576780220678,25725.0,31650.0,[],0,,True,STRANGLE,2025-11-10T09:15:00+05:30,2025-11-18T00:00:00,7.0,1045.0,1045.0,,,3.6166105058321194e-06,HOLD
2025-11-12,2,False,,,25818.4,25854.85,0.0172822483190282,1.0,0.0936686804077542,0.0893719438816701,-0.0399348003259983,26000,26000,-6.57473638208117e-05,-7.734894234989742e-05,-0.0001875505129603,0.0002398135599704,0.0007661590157762,0.001062456053945,0.0001438407090897,0.0029485749199051,0.0,0.0,"[{""date"": ""2025-11-12"", ""label"": ""CPI Release"", ""severity"": ""medium"", ""action"": ""light""}]",1,,True,STRANGLE,2025-11-10T09:15:00+05:30,2025-11-18T00:00:00,6.0,4125.0,4125.0,,,3.6166105058321194e-06,HOLD
